N	measure_1	measure_2	test_statistic	pvalue
10	Zeta_orig	Zeta_orig	0.0	1.0
10	Zeta_orig	Zeta_log	-0.7762246566501091	0.4476965474563247
10	Zeta_orig	RRF	10.045004554335419	8.33425105229665e-09
10	Zeta_orig	Eta	1.1218773150585535	0.276658000439983
10	Zeta_orig	Welch	2.261275989859253	0.03636148784271657
10	Zeta_orig	Wilcoxon	2.052219160000919	0.05498337817426687
10	Zeta_orig	KLD	6.449423598807297	4.549248974838158e-06
10	Zeta_orig	χ2	6.292191369246038	6.229524494823487e-06
10	Zeta_orig	LLR	3.439965049127263	0.0029210229223915977
10	Zeta_orig	TF-IDF	1.7950928526445984	0.08944892164008911
10	Zeta_log	Zeta_orig	0.7762246566501091	0.4476965474563247
10	Zeta_log	Zeta_log	0.0	1.0
10	Zeta_log	RRF	10.393740846486185	4.913359306980706e-09
10	Zeta_log	Eta	1.827701099909759	0.08422001544626617
10	Zeta_log	Welch	2.9181747724037828	0.009177727203364008
10	Zeta_log	Wilcoxon	2.6324596926747255	0.016903456800131885
10	Zeta_log	KLD	6.8056810741896046	2.259281764686993e-06
10	Zeta_log	χ2	6.753192611309252	2.5019947379083727e-06
10	Zeta_log	LLR	4.007743192150976	0.0008254705474959956
10	Zeta_log	TF-IDF	2.3743686285078685	0.02890575971912909
10	RRF	Zeta_orig	-10.045004554335419	8.33425105229665e-09
10	RRF	Zeta_log	-10.393740846486185	4.913359306980706e-09
10	RRF	RRF	0.0	1.0
10	RRF	Eta	-8.839938361760908	5.748321379477612e-08
10	RRF	Welch	-7.829948014038117	3.323470431878678e-07
10	RRF	Wilcoxon	-6.788997229706507	2.333667392144993e-06
10	RRF	KLD	-0.22775916128455506	0.8224005617659792
10	RRF	χ2	-3.168826001388524	0.005314228900505604
10	RRF	LLR	-6.064203724775079	9.884002105549054e-06
10	RRF	TF-IDF	-6.897398531003771	1.8920094852072593e-06
10	Eta	Zeta_orig	-1.1218773150585535	0.276658000439983
10	Eta	Zeta_log	-1.827701099909759	0.08422001544626617
10	Eta	RRF	8.839938361760908	5.748321379477612e-08
10	Eta	Eta	0.0	1.0
10	Eta	Welch	1.108503063807151	0.2822367917201528
10	Eta	Wilcoxon	1.0810599890980246	0.2939422305857616
10	Eta	KLD	5.73277779081083	1.9569588782841728e-05
10	Eta	χ2	5.201004298851643	6.0213964598416056e-05
10	Eta	LLR	2.363974877606884	0.02952641003835496
10	Eta	TF-IDF	0.8461250094108861	0.4085911481102774
10	Welch	Zeta_orig	-2.261275989859253	0.03636148784271657
10	Welch	Zeta_log	-2.9181747724037828	0.009177727203364008
10	Welch	RRF	7.829948014038117	3.323470431878678e-07
10	Welch	Eta	-1.108503063807151	0.2822367917201528
10	Welch	Welch	0.0	1.0
10	Welch	Wilcoxon	0.13289285063632797	0.8957525005602291
10	Welch	KLD	5.062789758523442	8.106037967277139e-05
10	Welch	χ2	4.221266167053157	0.0005133883368095725
10	Welch	LLR	1.347995389439723	0.19438078693972785
10	Welch	TF-IDF	-0.08606381068587443	0.9323658087785666
10	Wilcoxon	Zeta_orig	-2.052219160000919	0.05498337817426687
10	Wilcoxon	Zeta_log	-2.6324596926747255	0.016903456800131885
10	Wilcoxon	RRF	6.788997229706507	2.333667392144993e-06
10	Wilcoxon	Eta	-1.0810599890980246	0.2939422305857616
10	Wilcoxon	Welch	-0.13289285063632797	0.8957525005602291
10	Wilcoxon	Wilcoxon	0.0	1.0
10	Wilcoxon	KLD	4.674931229528216	0.00018853069414064393
10	Wilcoxon	χ2	3.6180467160689376	0.0019666319567323933
10	Wilcoxon	LLR	1.0568690166217563	0.30455011916737346
10	Wilcoxon	TF-IDF	-0.19328732513093252	0.8488982554655334
10	KLD	Zeta_orig	-6.449423598807297	4.549248974838158e-06
10	KLD	Zeta_log	-6.8056810741896046	2.259281764686993e-06
10	KLD	RRF	0.22775916128455506	0.8224005617659792
10	KLD	Eta	-5.73277779081083	1.9569588782841728e-05
10	KLD	Welch	-5.062789758523442	8.106037967277139e-05
10	KLD	Wilcoxon	-4.674931229528216	0.00018853069414064393
10	KLD	KLD	0.0	1.0
10	KLD	χ2	-2.0464431536832097	0.05560327721126433
10	KLD	LLR	-4.035789805244036	0.000775493813650138
10	KLD	TF-IDF	-4.786249885891452	0.00014776783929210447
10	χ2	Zeta_orig	-6.292191369246038	6.229524494823487e-06
10	χ2	Zeta_log	-6.753192611309252	2.5019947379083727e-06
10	χ2	RRF	3.168826001388524	0.005314228900505604
10	χ2	Eta	-5.201004298851643	6.0213964598416056e-05
10	χ2	Welch	-4.221266167053157	0.0005133883368095725
10	χ2	Wilcoxon	-3.6180467160689376	0.0019666319567323933
10	χ2	KLD	2.0464431536832097	0.05560327721126433
10	χ2	χ2	0.0	1.0
10	χ2	LLR	-2.734051436091825	0.013627939802112946
10	χ2	TF-IDF	-3.767072944731256	0.0014112269464220263
10	LLR	Zeta_orig	-3.439965049127263	0.0029210229223915977
10	LLR	Zeta_log	-4.007743192150976	0.0008254705474959956
10	LLR	RRF	6.064203724775079	9.884002105549054e-06
10	LLR	Eta	-2.363974877606884	0.02952641003835496
10	LLR	Welch	-1.347995389439723	0.19438078693972785
10	LLR	Wilcoxon	-1.0568690166217563	0.30455011916737346
10	LLR	KLD	4.035789805244036	0.000775493813650138
10	LLR	χ2	2.734051436091825	0.013627939802112946
10	LLR	LLR	0.0	1.0
10	LLR	TF-IDF	-1.2450099753044697	0.22909374300510943
10	TF-IDF	Zeta_orig	-1.7950928526445984	0.08944892164008911
10	TF-IDF	Zeta_log	-2.3743686285078685	0.02890575971912909
10	TF-IDF	RRF	6.897398531003771	1.8920094852072593e-06
10	TF-IDF	Eta	-0.8461250094108861	0.4085911481102774
10	TF-IDF	Welch	0.08606381068587443	0.9323658087785666
10	TF-IDF	Wilcoxon	0.19328732513093252	0.8488982554655334
10	TF-IDF	KLD	4.786249885891452	0.00014776783929210447
10	TF-IDF	χ2	3.767072944731256	0.0014112269464220263
10	TF-IDF	LLR	1.2450099753044697	0.22909374300510943
10	TF-IDF	TF-IDF	0.0	1.0
20	Zeta_orig	Zeta_orig	0.0	1.0
20	Zeta_orig	Zeta_log	-0.8486748712841505	0.40720747689461223
20	Zeta_orig	RRF	8.19737244611064	1.7290123472965112e-07
20	Zeta_orig	Eta	1.1789953741636268	0.25375021366583855
20	Zeta_orig	Welch	0.4388900976933783	0.6659640104588216
20	Zeta_orig	Wilcoxon	1.0167590673111768	0.32274075676377845
20	Zeta_orig	KLD	3.4295054363115405	0.0029895448456973917
20	Zeta_orig	χ2	2.6788218846609615	0.015324989462658386
20	Zeta_orig	LLR	1.870151997579892	0.07781598595393183
20	Zeta_orig	TF-IDF	0.9831851328159288	0.3385480450925945
20	Zeta_log	Zeta_orig	0.8486748712841505	0.40720747689461223
20	Zeta_log	Zeta_log	0.0	1.0
20	Zeta_log	RRF	9.553263387043923	1.7959732096318337e-08
20	Zeta_log	Eta	2.298701435200094	0.03371663309571315
20	Zeta_log	Welch	1.5119391936930897	0.147907562907002
20	Zeta_log	Wilcoxon	1.887692534085808	0.07529790422376152
20	Zeta_log	KLD	4.204879043393401	0.0005324169413025318
20	Zeta_log	χ2	3.5790835600421333	0.002144686542850694
20	Zeta_log	LLR	3.058302240301519	0.006768724036767036
20	Zeta_log	TF-IDF	1.7830542255124577	0.09144988377634733
20	RRF	Zeta_orig	-8.19737244611064	1.7290123472965112e-07
20	RRF	Zeta_log	-9.553263387043923	1.7959732096318337e-08
20	RRF	RRF	0.0	1.0
20	RRF	Eta	-7.8510815870806985	3.199339135128963e-07
20	RRF	Welch	-8.719890401748534	7.033736086408083e-08
20	RRF	Wilcoxon	-6.861388848188401	2.0282151319299014e-06
20	RRF	KLD	-3.1989562702906817	0.004973888860347315
20	RRF	χ2	-4.813636659888224	0.0001391936383467936
20	RRF	LLR	-7.173855194292029	1.1160614419792472e-06
20	RRF	TF-IDF	-6.488890293617007	4.2062882484776e-06
20	Eta	Zeta_orig	-1.1789953741636268	0.25375021366583855
20	Eta	Zeta_log	-2.298701435200094	0.03371663309571315
20	Eta	RRF	7.8510815870806985	3.199339135128963e-07
20	Eta	Eta	0.0	1.0
20	Eta	Welch	-0.901429422966601	0.3792637815596278
20	Eta	Wilcoxon	0.026117670652795986	0.9794508618522277
20	Eta	KLD	2.7910375772516867	0.01206615788620604
20	Eta	χ2	1.9033303169722098	0.07311407546315142
20	Eta	LLR	0.8009044855663271	0.433632006354683
20	Eta	TF-IDF	0.056190411764990414	0.9558091523618828
20	Welch	Zeta_orig	-0.4388900976933783	0.6659640104588216
20	Welch	Zeta_log	-1.5119391936930897	0.147907562907002
20	Welch	RRF	8.719890401748534	7.033736086408083e-08
20	Welch	Eta	0.901429422966601	0.3792637815596278
20	Welch	Welch	0.0	1.0
20	Welch	Wilcoxon	0.7431318746908088	0.46699105186964984
20	Welch	KLD	3.3780535726978993	0.0033504089995852588
20	Welch	χ2	2.593247024300385	0.018358069508347293
20	Welch	LLR	1.723573189908285	0.10191827805244798
20	Welch	TF-IDF	0.7187917241363304	0.48149693155340934
20	Wilcoxon	Zeta_orig	-1.0167590673111768	0.32274075676377845
20	Wilcoxon	Zeta_log	-1.887692534085808	0.07529790422376152
20	Wilcoxon	RRF	6.861388848188401	2.0282151319299014e-06
20	Wilcoxon	Eta	-0.026117670652795986	0.9794508618522277
20	Wilcoxon	Welch	-0.7431318746908088	0.46699105186964984
20	Wilcoxon	Wilcoxon	0.0	1.0
20	Wilcoxon	KLD	2.5278568232549654	0.02105096471402851
20	Wilcoxon	χ2	1.659238234582607	0.11438983403293343
20	Wilcoxon	LLR	0.6247032073202321	0.5400045765094964
20	Wilcoxon	TF-IDF	0.028061483555292695	0.9779218971070313
20	KLD	Zeta_orig	-3.4295054363115405	0.0029895448456973917
20	KLD	Zeta_log	-4.204879043393401	0.0005324169413025318
20	KLD	RRF	3.1989562702906817	0.004973888860347315
20	KLD	Eta	-2.7910375772516867	0.01206615788620604
20	KLD	Welch	-3.3780535726978993	0.0033504089995852588
20	KLD	Wilcoxon	-2.5278568232549654	0.02105096471402851
20	KLD	KLD	0.0	1.0
20	KLD	χ2	-1.026733035837067	0.3181469439921804
20	KLD	LLR	-2.2762223678831237	0.035283016168462925
20	KLD	TF-IDF	-2.4104588886438227	0.02684397346739557
20	χ2	Zeta_orig	-2.6788218846609615	0.015324989462658386
20	χ2	Zeta_log	-3.5790835600421333	0.002144686542850694
20	χ2	RRF	4.813636659888224	0.0001391936383467936
20	χ2	Eta	-1.9033303169722098	0.07311407546315142
20	χ2	Welch	-2.593247024300385	0.018358069508347293
20	χ2	Wilcoxon	-1.659238234582607	0.11438983403293343
20	χ2	KLD	1.026733035837067	0.3181469439921804
20	χ2	χ2	0.0	1.0
20	χ2	LLR	-1.2984389674638204	0.21052662615745776
20	χ2	TF-IDF	-1.5530145695829658	0.13782508295329546
20	LLR	Zeta_orig	-1.870151997579892	0.07781598595393183
20	LLR	Zeta_log	-3.058302240301519	0.006768724036767036
20	LLR	RRF	7.173855194292029	1.1160614419792472e-06
20	LLR	Eta	-0.8009044855663271	0.433632006354683
20	LLR	Welch	-1.723573189908285	0.10191827805244798
20	LLR	Wilcoxon	-0.6247032073202321	0.5400045765094964
20	LLR	KLD	2.2762223678831237	0.035283016168462925
20	LLR	χ2	1.2984389674638204	0.21052662615745776
20	LLR	LLR	0.0	1.0
20	LLR	TF-IDF	-0.5482969351141455	0.590224187194879
20	TF-IDF	Zeta_orig	-0.9831851328159288	0.3385480450925945
20	TF-IDF	Zeta_log	-1.7830542255124577	0.09144988377634733
20	TF-IDF	RRF	6.488890293617007	4.2062882484776e-06
20	TF-IDF	Eta	-0.056190411764990414	0.9558091523618828
20	TF-IDF	Welch	-0.7187917241363304	0.48149693155340934
20	TF-IDF	Wilcoxon	-0.028061483555292695	0.9779218971070313
20	TF-IDF	KLD	2.4104588886438227	0.02684397346739557
20	TF-IDF	χ2	1.5530145695829658	0.13782508295329546
20	TF-IDF	LLR	0.5482969351141455	0.590224187194879
20	TF-IDF	TF-IDF	0.0	1.0
30	Zeta_orig	Zeta_orig	0.0	1.0
30	Zeta_orig	Zeta_log	-0.34547721826904226	0.7337402529010607
30	Zeta_orig	RRF	7.259622771095326	9.494792571102731e-07
30	Zeta_orig	Eta	0.5924501480541419	0.5609187488382049
30	Zeta_orig	Welch	-0.3787686095103965	0.7092903444108006
30	Zeta_orig	Wilcoxon	-0.4122664414171774	0.6850125584724098
30	Zeta_orig	KLD	2.7997429945289953	0.011843244258854146
30	Zeta_orig	χ2	1.4032883545698742	0.17754643555806643
30	Zeta_orig	LLR	-0.1027603462604	0.9192893609075359
30	Zeta_orig	TF-IDF	0.32623366569796985	0.7480100027085965
30	Zeta_log	Zeta_orig	0.34547721826904226	0.7337402529010607
30	Zeta_log	Zeta_log	0.0	1.0
30	Zeta_log	RRF	10.272211331910508	5.8980790289563206e-09
30	Zeta_log	Eta	1.2629199811996705	0.22273348168401944
30	Zeta_log	Welch	-0.06647118395209688	0.9477354463421743
30	Zeta_log	Wilcoxon	-0.122612163431372	0.9037728310210511
30	Zeta_log	KLD	3.987568361541343	0.0008634083785345931
30	Zeta_log	χ2	2.135788798653347	0.04668836334173277
30	Zeta_log	LLR	0.2827947824410958	0.7805605290262501
30	Zeta_log	TF-IDF	0.6862346533489431	0.5013099049240273
30	RRF	Zeta_orig	-7.259622771095326	9.494792571102731e-07
30	RRF	Zeta_log	-10.272211331910508	5.8980790289563206e-09
30	RRF	RRF	0.0	1.0
30	RRF	Eta	-9.018063058843303	4.274709298555981e-08
30	RRF	Welch	-9.40596828064617	2.272443214581643e-08
30	RRF	Wilcoxon	-8.891672717570874	5.272391961081024e-08
30	RRF	KLD	-5.048082493643726	8.36753066116194e-05
30	RRF	χ2	-6.345025737896167	5.603017848904443e-06
30	RRF	LLR	-8.863220407850164	5.528817904903467e-08
30	RRF	TF-IDF	-6.059426891672053	9.980790675860015e-06
30	Eta	Zeta_orig	-0.5924501480541419	0.5609187488382049
30	Eta	Zeta_log	-1.2629199811996705	0.22273348168401944
30	Eta	RRF	9.018063058843303	4.274709298555981e-08
30	Eta	Eta	0.0	1.0
30	Eta	Welch	-1.2162087351111308	0.23961448034764443
30	Eta	Wilcoxon	-1.2029259310746545	0.24458941584103505
30	Eta	KLD	2.877455752277337	0.010021255255331912
30	Eta	χ2	1.091924574814717	0.2892664726623671
30	Eta	LLR	-0.8431682487737447	0.41019941975444996
30	Eta	TF-IDF	-0.14630171781532078	0.8853092496831969
30	Welch	Zeta_orig	0.3787686095103965	0.7092903444108006
30	Welch	Zeta_log	0.06647118395209688	0.9477354463421743
30	Welch	RRF	9.40596828064617	2.272443214581643e-08
30	Welch	Eta	1.2162087351111308	0.23961448034764443
30	Welch	Welch	0.0	1.0
30	Welch	Wilcoxon	-0.056066991466712006	0.9559061086155525
30	Welch	KLD	3.760579566476455	0.0014317930812512236
30	Welch	χ2	2.0555337688641813	0.0546304714985928
30	Welch	LLR	0.32248738513888797	0.7507991170784565
30	Welch	TF-IDF	0.7035196232503405	0.4907329577179881
30	Wilcoxon	Zeta_orig	0.4122664414171774	0.6850125584724098
30	Wilcoxon	Zeta_log	0.122612163431372	0.9037728310210511
30	Wilcoxon	RRF	8.891672717570874	5.272391961081024e-08
30	Wilcoxon	Eta	1.2029259310746545	0.24458941584103505
30	Wilcoxon	Welch	0.056066991466712006	0.9559061086155525
30	Wilcoxon	Wilcoxon	0.0	1.0
30	Wilcoxon	KLD	3.628204655675134	0.0019226772513855229
30	Wilcoxon	χ2	2.0153938360577	0.05904498240359741
30	Wilcoxon	LLR	0.3613971459845866	0.7220098043189305
30	Wilcoxon	TF-IDF	0.7251772704552785	0.4776657965656623
30	KLD	Zeta_orig	-2.7997429945289953	0.011843244258854146
30	KLD	Zeta_log	-3.987568361541343	0.0008634083785345931
30	KLD	RRF	5.048082493643726	8.36753066116194e-05
30	KLD	Eta	-2.877455752277337	0.010021255255331912
30	KLD	Welch	-3.760579566476455	0.0014317930812512236
30	KLD	Wilcoxon	-3.628204655675134	0.0019226772513855229
30	KLD	KLD	0.0	1.0
30	KLD	χ2	-1.4694362866297763	0.1589763307130444
30	KLD	LLR	-3.3840028174657952	0.003306579359397518
30	KLD	TF-IDF	-2.164098763246318	0.04414804637522389
30	χ2	Zeta_orig	-1.4032883545698742	0.17754643555806643
30	χ2	Zeta_log	-2.135788798653347	0.04668836334173277
30	χ2	RRF	6.345025737896167	5.603017848904443e-06
30	χ2	Eta	-1.091924574814717	0.2892664726623671
30	χ2	Welch	-2.0555337688641813	0.0546304714985928
30	χ2	Wilcoxon	-2.0153938360577	0.05904498240359741
30	χ2	KLD	1.4694362866297763	0.1589763307130444
30	χ2	χ2	0.0	1.0
30	χ2	LLR	-1.7270143347023528	0.10128555681779805
30	χ2	TF-IDF	-0.9269063202186714	0.36623756150602604
30	LLR	Zeta_orig	0.1027603462604	0.9192893609075359
30	LLR	Zeta_log	-0.2827947824410958	0.7805605290262501
30	LLR	RRF	8.863220407850164	5.528817904903467e-08
30	LLR	Eta	0.8431682487737447	0.41019941975444996
30	LLR	Welch	-0.32248738513888797	0.7507991170784565
30	LLR	Wilcoxon	-0.3613971459845866	0.7220098043189305
30	LLR	KLD	3.3840028174657952	0.003306579359397518
30	LLR	χ2	1.7270143347023528	0.10128555681779805
30	LLR	LLR	0.0	1.0
30	LLR	TF-IDF	0.4523324204342032	0.6564334617707478
30	TF-IDF	Zeta_orig	-0.32623366569796985	0.7480100027085965
30	TF-IDF	Zeta_log	-0.6862346533489431	0.5013099049240273
30	TF-IDF	RRF	6.059426891672053	9.980790675860015e-06
30	TF-IDF	Eta	0.14630171781532078	0.8853092496831969
30	TF-IDF	Welch	-0.7035196232503405	0.4907329577179881
30	TF-IDF	Wilcoxon	-0.7251772704552785	0.4776657965656623
30	TF-IDF	KLD	2.164098763246318	0.04414804637522389
30	TF-IDF	χ2	0.9269063202186714	0.36623756150602604
30	TF-IDF	LLR	-0.4523324204342032	0.6564334617707478
30	TF-IDF	TF-IDF	0.0	1.0
40	Zeta_orig	Zeta_orig	0.0	1.0
40	Zeta_orig	Zeta_log	-0.37734393164830754	0.7103302573363608
40	Zeta_orig	RRF	6.642238644614435	3.1081271710003087e-06
40	Zeta_orig	Eta	-0.15963004637119896	0.8749501036703369
40	Zeta_orig	Welch	-2.1754951735943875	0.04316160356125835
40	Zeta_orig	Wilcoxon	-1.6143927125828805	0.12383507910826438
40	Zeta_orig	KLD	1.4781362388945394	0.15665683236602848
40	Zeta_orig	χ2	1.1721123096781465	0.2564325381668718
40	Zeta_orig	LLR	-1.1010432857609467	0.2853842265649584
40	Zeta_orig	TF-IDF	-0.06990978915560268	0.9450362921403281
40	Zeta_log	Zeta_orig	0.37734393164830754	0.7103302573363608
40	Zeta_log	Zeta_log	0.0	1.0
40	Zeta_log	RRF	7.321823934101987	8.449730485041644e-07
40	Zeta_log	Eta	0.2222686390630136	0.8266072027643191
40	Zeta_log	Welch	-1.9462592837591715	0.06740534797080476
40	Zeta_log	Wilcoxon	-1.3528307447197794	0.1928595682983651
40	Zeta_log	KLD	1.7827492336943862	0.09150107994066527
40	Zeta_log	χ2	1.5135041541305678	0.14751250178876166
40	Zeta_log	LLR	-0.7737959626593928	0.4490956762643633
40	Zeta_log	TF-IDF	0.25413644431386734	0.8022705805725159
40	RRF	Zeta_orig	-6.642238644614435	3.1081271710003087e-06
40	RRF	Zeta_log	-7.321823934101987	8.449730485041644e-07
40	RRF	RRF	0.0	1.0
40	RRF	Eta	-6.976416780115832	1.6253320965920177e-06
40	RRF	Welch	-8.847822914219392	5.672984522948458e-08
40	RRF	Wilcoxon	-8.009412341065763	2.410012148992075e-07
40	RRF	KLD	-3.5795727111964153	0.0021423549154360095
40	RRF	χ2	-4.42752482856173	0.0003250672614590461
40	RRF	LLR	-8.115622411362214	1.9965484850869996e-07
40	RRF	TF-IDF	-6.078516236733231	9.599754735836222e-06
40	Eta	Zeta_orig	0.15963004637119896	0.8749501036703369
40	Eta	Zeta_log	-0.2222686390630136	0.8266072027643191
40	Eta	RRF	6.976416780115832	1.6253320965920177e-06
40	Eta	Eta	0.0	1.0
40	Eta	Welch	-2.100355529937921	0.05005552854498572
40	Eta	Wilcoxon	-1.5173826464546847	0.14653717882176856
40	Eta	KLD	1.6154176681005357	0.12361204008311277
40	Eta	χ2	1.3246691714750627	0.2018538196238361
40	Eta	LLR	-0.9754079232666347	0.3422854717606778
40	Eta	TF-IDF	0.0677021435998118	0.9467691204638665
40	Welch	Zeta_orig	2.1754951735943875	0.04316160356125835
40	Welch	Zeta_log	1.9462592837591715	0.06740534797080476
40	Welch	RRF	8.847822914219392	5.672984522948458e-08
40	Welch	Eta	2.100355529937921	0.05005552854498572
40	Welch	Welch	0.0	1.0
40	Welch	Wilcoxon	0.4337855856765886	0.6695985941178545
40	Welch	KLD	3.002390922171331	0.007645554271232903
40	Welch	χ2	2.9018963595125724	0.009506376931491855
40	Welch	LLR	1.2556648415154075	0.22529324819036323
40	Welch	TF-IDF	1.8193456396223584	0.08553367007090748
40	Wilcoxon	Zeta_orig	1.6143927125828805	0.12383507910826438
40	Wilcoxon	Zeta_log	1.3528307447197794	0.1928595682983651
40	Wilcoxon	RRF	8.009412341065763	2.410012148992075e-07
40	Wilcoxon	Eta	1.5173826464546847	0.14653717882176856
40	Wilcoxon	Welch	-0.4337855856765886	0.6695985941178545
40	Wilcoxon	Wilcoxon	0.0	1.0
40	Wilcoxon	KLD	2.6106480845165456	0.017698475322919044
40	Wilcoxon	χ2	2.4493908613648707	0.024774618793573643
40	Wilcoxon	LLR	0.6962927862804796	0.4951392829896172
40	Wilcoxon	TF-IDF	1.3589217716823447	0.19095683455683377
40	KLD	Zeta_orig	-1.4781362388945394	0.15665683236602848
40	KLD	Zeta_log	-1.7827492336943862	0.09150107994066527
40	KLD	RRF	3.5795727111964153	0.0021423549154360095
40	KLD	Eta	-1.6154176681005357	0.12361204008311277
40	KLD	Welch	-3.002390922171331	0.007645554271232903
40	KLD	Wilcoxon	-2.6106480845165456	0.017698475322919044
40	KLD	KLD	0.0	1.0
40	KLD	χ2	-0.38685161293238585	0.7034015062954999
40	KLD	LLR	-2.2830645562012757	0.034799249987890864
40	KLD	TF-IDF	-1.4364903958886535	0.16801663057334
40	χ2	Zeta_orig	-1.1721123096781465	0.2564325381668718
40	χ2	Zeta_log	-1.5135041541305678	0.14751250178876166
40	χ2	RRF	4.42752482856173	0.0003250672614590461
40	χ2	Eta	-1.3246691714750627	0.2018538196238361
40	χ2	Welch	-2.9018963595125724	0.009506376931491855
40	χ2	Wilcoxon	-2.4493908613648707	0.024774618793573643
40	χ2	KLD	0.38685161293238585	0.7034015062954999
40	χ2	χ2	0.0	1.0
40	χ2	LLR	-2.085112451462655	0.05157082884823448
40	χ2	TF-IDF	-1.1376079855258145	0.27020115840549863
40	LLR	Zeta_orig	1.1010432857609467	0.2853842265649584
40	LLR	Zeta_log	0.7737959626593928	0.4490956762643633
40	LLR	RRF	8.115622411362214	1.9965484850869996e-07
40	LLR	Eta	0.9754079232666347	0.3422854717606778
40	LLR	Welch	-1.2556648415154075	0.22529324819036323
40	LLR	Wilcoxon	-0.6962927862804796	0.4951392829896172
40	LLR	KLD	2.2830645562012757	0.034799249987890864
40	LLR	χ2	2.085112451462655	0.05157082884823448
40	LLR	LLR	0.0	1.0
40	LLR	TF-IDF	0.8729002265825594	0.3942133517012427
40	TF-IDF	Zeta_orig	0.06990978915560268	0.9450362921403281
40	TF-IDF	Zeta_log	-0.25413644431386734	0.8022705805725159
40	TF-IDF	RRF	6.078516236733231	9.599754735836222e-06
40	TF-IDF	Eta	-0.0677021435998118	0.9467691204638665
40	TF-IDF	Welch	-1.8193456396223584	0.08553367007090748
40	TF-IDF	Wilcoxon	-1.3589217716823447	0.19095683455683377
40	TF-IDF	KLD	1.4364903958886535	0.16801663057334
40	TF-IDF	χ2	1.1376079855258145	0.27020115840549863
40	TF-IDF	LLR	-0.8729002265825594	0.3942133517012427
40	TF-IDF	TF-IDF	0.0	1.0
50	Zeta_orig	Zeta_orig	0.0	1.0
50	Zeta_orig	Zeta_log	-0.5027857348488293	0.621211015694123
50	Zeta_orig	RRF	7.561901146328707	5.413793736833391e-07
50	Zeta_orig	Eta	0.3386403738303565	0.7387988996484229
50	Zeta_orig	Welch	-1.610373001613424	0.12471309247814152
50	Zeta_orig	Wilcoxon	-1.1455866615207453	0.26696936614013494
50	Zeta_orig	KLD	1.1499576619953096	0.26521114796492956
50	Zeta_orig	χ2	1.20853814749657	0.2424778980695969
50	Zeta_orig	LLR	-0.4457256086190324	0.6611102141670564
50	Zeta_orig	TF-IDF	-0.42707840283438636	0.6743871164424322
50	Zeta_log	Zeta_orig	0.5027857348488293	0.621211015694123
50	Zeta_log	Zeta_log	0.0	1.0
50	Zeta_log	RRF	8.101821358957702	2.0458092473996792e-07
50	Zeta_log	Eta	0.8456799261928346	0.40883298159750914
50	Zeta_log	Welch	-1.038188573182158	0.31292832956307776
50	Zeta_log	Wilcoxon	-0.6189780352221739	0.5436859126718611
50	Zeta_log	KLD	1.6889874177228414	0.10846912323851446
50	Zeta_log	χ2	1.6585490874987534	0.11453019834177035
50	Zeta_log	LLR	0.14381068424384588	0.8872477713951952
50	Zeta_log	TF-IDF	0.07634576833956058	0.9399861969212444
50	RRF	Zeta_orig	-7.561901146328707	5.413793736833391e-07
50	RRF	Zeta_log	-8.101821358957702	2.0458092473996792e-07
50	RRF	RRF	0.0	1.0
50	RRF	Eta	-7.269625095464182	9.318081711366733e-07
50	RRF	Welch	-10.532502130803138	3.995970967183504e-09
50	RRF	Wilcoxon	-9.206340650453459	3.138679883172943e-08
50	RRF	KLD	-6.932165423479132	1.7694860679356806e-06
50	RRF	χ2	-5.410633969121384	3.851055308554028e-05
50	RRF	LLR	-9.565981089282488	1.7600589952493176e-08
50	RRF	TF-IDF	-8.031359442079959	2.3178023572232644e-07
50	Eta	Zeta_orig	-0.3386403738303565	0.7387988996484229
50	Eta	Zeta_log	-0.8456799261928346	0.40883298159750914
50	Eta	RRF	7.269625095464182	9.318081711366733e-07
50	Eta	Eta	0.0	1.0
50	Eta	Welch	-2.01433997711986	0.05916509499036448
50	Eta	Wilcoxon	-1.5111835482660436	0.14809863295091463
50	Eta	KLD	0.7976584456534476	0.4354658914377393
50	Eta	χ2	0.9139941081197616	0.37280127071625024
50	Eta	LLR	-0.8490495272598071	0.4070044272397533
50	Eta	TF-IDF	-0.769776461500887	0.4514171475330596
50	Welch	Zeta_orig	1.610373001613424	0.12471309247814152
50	Welch	Zeta_log	1.038188573182158	0.31292832956307776
50	Welch	RRF	10.532502130803138	3.995970967183504e-09
50	Welch	Eta	2.01433997711986	0.05916509499036448
50	Welch	Welch	0.0	1.0
50	Welch	Wilcoxon	0.3885260976656879	0.7021839628795465
50	Welch	KLD	3.103591001475868	0.006130966166357976
50	Welch	χ2	2.7360442985165463	0.01357019613979763
50	Welch	LLR	1.4666474743653057	0.15972579824130378
50	Welch	TF-IDF	1.12684285910255	0.2746076132673484
50	Wilcoxon	Zeta_orig	1.1455866615207453	0.26696936614013494
50	Wilcoxon	Zeta_log	0.6189780352221739	0.5436859126718611
50	Wilcoxon	RRF	9.206340650453459	3.138679883172943e-08
50	Wilcoxon	Eta	1.5111835482660436	0.14809863295091463
50	Wilcoxon	Welch	-0.3885260976656879	0.7021839628795465
50	Wilcoxon	Wilcoxon	0.0	1.0
50	Wilcoxon	KLD	2.450235476935443	0.02473142910986027
50	Wilcoxon	χ2	2.2688677395126353	0.035809946107507346
50	Wilcoxon	LLR	0.893454535141449	0.3834041560126503
50	Wilcoxon	TF-IDF	0.6998227234744838	0.4929841590765819
50	KLD	Zeta_orig	-1.1499576619953096	0.26521114796492956
50	KLD	Zeta_log	-1.6889874177228414	0.10846912323851446
50	KLD	RRF	6.932165423479132	1.7694860679356806e-06
50	KLD	Eta	-0.7976584456534476	0.4354658914377393
50	KLD	Welch	-3.103591001475868	0.006130966166357976
50	KLD	Wilcoxon	-2.450235476935443	0.02473142910986027
50	KLD	KLD	0.0	1.0
50	KLD	χ2	0.2614678213728853	0.7967001322904477
50	KLD	LLR	-1.8776270075446944	0.07673392994718047
50	KLD	TF-IDF	-1.6095690229250275	0.12488933360980553
50	χ2	Zeta_orig	-1.20853814749657	0.2424778980695969
50	χ2	Zeta_log	-1.6585490874987534	0.11453019834177035
50	χ2	RRF	5.410633969121384	3.851055308554028e-05
50	χ2	Eta	-0.9139941081197616	0.37280127071625024
50	χ2	Welch	-2.7360442985165463	0.01357019613979763
50	χ2	Wilcoxon	-2.2688677395126353	0.035809946107507346
50	χ2	KLD	-0.2614678213728853	0.7967001322904477
50	χ2	χ2	0.0	1.0
50	χ2	LLR	-1.75092529644182	0.09698210375246841
50	χ2	TF-IDF	-1.5919243878683966	0.12881056123697301
50	LLR	Zeta_orig	0.4457256086190324	0.6611102141670564
50	LLR	Zeta_log	-0.14381068424384588	0.8872477713951952
50	LLR	RRF	9.565981089282488	1.7600589952493176e-08
50	LLR	Eta	0.8490495272598071	0.4070044272397533
50	LLR	Welch	-1.4666474743653057	0.15972579824130378
50	LLR	Wilcoxon	-0.893454535141449	0.3834041560126503
50	LLR	KLD	1.8776270075446944	0.07673392994718047
50	LLR	χ2	1.75092529644182	0.09698210375246841
50	LLR	LLR	0.0	1.0
50	LLR	TF-IDF	-0.05447656142883362	0.9571555780409924
50	TF-IDF	Zeta_orig	0.42707840283438636	0.6743871164424322
50	TF-IDF	Zeta_log	-0.07634576833956058	0.9399861969212444
50	TF-IDF	RRF	8.031359442079959	2.3178023572232644e-07
50	TF-IDF	Eta	0.769776461500887	0.4514171475330596
50	TF-IDF	Welch	-1.12684285910255	0.2746076132673484
50	TF-IDF	Wilcoxon	-0.6998227234744838	0.4929841590765819
50	TF-IDF	KLD	1.6095690229250275	0.12488933360980553
50	TF-IDF	χ2	1.5919243878683966	0.12881056123697301
50	TF-IDF	LLR	0.05447656142883362	0.9571555780409924
50	TF-IDF	TF-IDF	0.0	1.0
100	Zeta_orig	Zeta_orig	0.0	1.0
100	Zeta_orig	Zeta_log	-0.08803621956735645	0.9308199435336368
100	Zeta_orig	RRF	9.670711079150879	1.4913851321837854e-08
100	Zeta_orig	Eta	0.10791160452365875	0.9152595780596968
100	Zeta_orig	Welch	-0.9733653398548004	0.3432717889576504
100	Zeta_orig	Wilcoxon	-0.6900950853906035	0.4989363309096072
100	Zeta_orig	KLD	1.2945559623695089	0.21183502452494932
100	Zeta_orig	χ2	0.3542910123666223	0.7272373367513567
100	Zeta_orig	LLR	-0.19241970217372195	0.8495677178457995
100	Zeta_orig	TF-IDF	0.3709777855819234	0.7149842177363568
100	Zeta_log	Zeta_orig	0.08803621956735645	0.9308199435336368
100	Zeta_log	Zeta_log	0.0	1.0
100	Zeta_log	RRF	8.672622268903256	7.619176428702175e-08
100	Zeta_log	Eta	0.1760883332971213	0.8621904890627303
100	Zeta_log	Welch	-0.7990643735565395	0.43467100196806496
100	Zeta_log	Wilcoxon	-0.5597875010414625	0.5825242876441002
100	Zeta_log	KLD	1.2378846562758345	0.23166277853064596
100	Zeta_log	χ2	0.39400568891966053	0.6982054782997477
100	Zeta_log	LLR	-0.08369745022027116	0.9342207963719478
100	Zeta_log	TF-IDF	0.4092021035271679	0.6872193401994522
100	RRF	Zeta_orig	-9.670711079150879	1.4913851321837854e-08
100	RRF	Zeta_log	-8.672622268903256	7.619176428702175e-08
100	RRF	RRF	0.0	1.0
100	RRF	Eta	-8.747959362006029	6.708481659405887e-08
100	RRF	Welch	-9.174192558194232	3.307687094954685e-08
100	RRF	Wilcoxon	-8.332070464071737	1.3666704296971525e-07
100	RRF	KLD	-7.172871543243232	1.1181388919538145e-06
100	RRF	χ2	-7.509078204278873	5.966957380640743e-07
100	RRF	LLR	-9.41622497982347	2.2353298865844167e-08
100	RRF	TF-IDF	-7.600406239043646	5.044348171185107e-07
100	Eta	Zeta_orig	-0.10791160452365875	0.9152595780596968
100	Eta	Zeta_log	-0.1760883332971213	0.8621904890627303
100	Eta	RRF	8.747959362006029	6.708481659405887e-08
100	Eta	Eta	0.0	1.0
100	Eta	Welch	-0.9899912589944329	0.3353006838065795
100	Eta	Wilcoxon	-0.7297149598366904	0.4749543486234681
100	Eta	KLD	1.1004155841601326	0.28565023695311464
100	Eta	χ2	0.24331209713237928	0.8105149109421591
100	Eta	LLR	-0.27650795852034105	0.7853079233663011
100	Eta	TF-IDF	0.25690849965905566	0.8001630468046467
100	Welch	Zeta_orig	0.9733653398548004	0.3432717889576504
100	Welch	Zeta_log	0.7990643735565395	0.43467100196806496
100	Welch	RRF	9.174192558194232	3.307687094954685e-08
100	Welch	Eta	0.9899912589944329	0.3353006838065795
100	Welch	Welch	0.0	1.0
100	Welch	Wilcoxon	0.17778999997353534	0.8608733975717022
100	Welch	KLD	1.975354343293836	0.06376573268102881
100	Welch	χ2	1.116385415095298	0.278938892770339
100	Welch	LLR	0.7736120349790967	0.4492017433891924
100	Welch	TF-IDF	1.1400122446994931	0.2692242537444966
100	Wilcoxon	Zeta_orig	0.6900950853906035	0.4989363309096072
100	Wilcoxon	Zeta_log	0.5597875010414625	0.5825242876441002
100	Wilcoxon	RRF	8.332070464071737	1.3666704296971525e-07
100	Wilcoxon	Eta	0.7297149598366904	0.4749543486234681
100	Wilcoxon	Welch	-0.17778999997353534	0.8608733975717022
100	Wilcoxon	Wilcoxon	0.0	1.0
100	Wilcoxon	KLD	1.663889187764162	0.11344637056546064
100	Wilcoxon	χ2	0.8790875273715975	0.39093866467744787
100	Wilcoxon	LLR	0.5185594322537981	0.6103843366364257
100	Wilcoxon	TF-IDF	0.897839410797078	0.3811239262810655
100	KLD	Zeta_orig	-1.2945559623695089	0.21183502452494932
100	KLD	Zeta_log	-1.2378846562758345	0.23166277853064596
100	KLD	RRF	7.172871543243232	1.1181388919538145e-06
100	KLD	Eta	-1.1004155841601326	0.28565023695311464
100	KLD	Welch	-1.975354343293836	0.06376573268102881
100	KLD	Wilcoxon	-1.663889187764162	0.11344637056546064
100	KLD	KLD	0.0	1.0
100	KLD	χ2	-0.7510196527223301	0.46234717116908164
100	KLD	LLR	-1.4051830611664515	0.17699109097438337
100	KLD	TF-IDF	-0.7507905778561352	0.46248164233086564
100	χ2	Zeta_orig	-0.3542910123666223	0.7272373367513567
100	χ2	Zeta_log	-0.39400568891966053	0.6982054782997477
100	χ2	RRF	7.509078204278873	5.966957380640743e-07
100	χ2	Eta	-0.24331209713237928	0.8105149109421591
100	χ2	Welch	-1.116385415095298	0.278938892770339
100	χ2	Wilcoxon	-0.8790875273715975	0.39093866467744787
100	χ2	KLD	0.7510196527223301	0.46234717116908164
100	χ2	χ2	0.0	1.0
100	χ2	LLR	-0.4934385512757845	0.6276691702182817
100	χ2	TF-IDF	0.009210720837611345	0.9927523297978019
100	LLR	Zeta_orig	0.19241970217372195	0.8495677178457995
100	LLR	Zeta_log	0.08369745022027116	0.9342207963719478
100	LLR	RRF	9.41622497982347	2.2353298865844167e-08
100	LLR	Eta	0.27650795852034105	0.7853079233663011
100	LLR	Welch	-0.7736120349790967	0.4492017433891924
100	LLR	Wilcoxon	-0.5185594322537981	0.6103843366364257
100	LLR	KLD	1.4051830611664515	0.17699109097438337
100	LLR	χ2	0.4934385512757845	0.6276691702182817
100	LLR	LLR	0.0	1.0
100	LLR	TF-IDF	0.5114186589675439	0.615274343387775
100	TF-IDF	Zeta_orig	-0.3709777855819234	0.7149842177363568
100	TF-IDF	Zeta_log	-0.4092021035271679	0.6872193401994522
100	TF-IDF	RRF	7.600406239043646	5.044348171185107e-07
100	TF-IDF	Eta	-0.25690849965905566	0.8001630468046467
100	TF-IDF	Welch	-1.1400122446994931	0.2692242537444966
100	TF-IDF	Wilcoxon	-0.897839410797078	0.3811239262810655
100	TF-IDF	KLD	0.7507905778561352	0.46248164233086564
100	TF-IDF	χ2	-0.009210720837611345	0.9927523297978019
100	TF-IDF	LLR	-0.5114186589675439	0.615274343387775
100	TF-IDF	TF-IDF	0.0	1.0
200	Zeta_orig	Zeta_orig	0.0	1.0
200	Zeta_orig	Zeta_log	-0.17906723307672504	0.8598850936252229
200	Zeta_orig	RRF	7.8887255231474755	2.9900401280457866e-07
200	Zeta_orig	Eta	0.03434717117993398	0.9729783332690026
200	Zeta_orig	Welch	-0.5177473350581723	0.6109395175032328
200	Zeta_orig	Wilcoxon	-0.49789476300204943	0.6245863805659071
200	Zeta_orig	KLD	1.038616710457275	0.3127344819131387
200	Zeta_orig	χ2	0.3358718129000051	0.7408508952714445
200	Zeta_orig	LLR	0.06514392548803481	0.9487774620018039
200	Zeta_orig	TF-IDF	-0.050454445587254274	0.9603159242934817
200	Zeta_log	Zeta_orig	0.17906723307672504	0.8598850936252229
200	Zeta_log	Zeta_log	0.0	1.0
200	Zeta_log	RRF	7.89157660833784	2.974780202870214e-07
200	Zeta_log	Eta	0.21300970337059877	0.8337132497897854
200	Zeta_log	Welch	-0.32052705272691345	0.7522600015916732
200	Zeta_log	Wilcoxon	-0.2974927581280921	0.7694964740614436
200	Zeta_log	KLD	1.1880802156487233	0.25024237372898245
200	Zeta_log	χ2	0.513259952452891	0.6140116358109076
200	Zeta_log	LLR	0.24789851094888707	0.8070188353904982
200	Zeta_log	TF-IDF	0.1199633705600058	0.9058410126232558
200	RRF	Zeta_orig	-7.8887255231474755	2.9900401280457866e-07
200	RRF	Zeta_log	-7.89157660833784	2.974780202870214e-07
200	RRF	RRF	0.0	1.0
200	RRF	Eta	-7.869546661709197	3.0948320847863485e-07
200	RRF	Welch	-8.750690936469551	6.67767824468681e-08
200	RRF	Wilcoxon	-8.8966382490671	5.2289279764489996e-08
200	RRF	KLD	-6.321771702420932	5.870331157735909e-06
200	RRF	χ2	-7.840453545503469	3.2611499241810674e-07
200	RRF	LLR	-8.081910266783062	2.119120669440506e-07
200	RRF	TF-IDF	-7.462660364197938	6.501523302866792e-07
200	Eta	Zeta_orig	-0.03434717117993398	0.9729783332690026
200	Eta	Zeta_log	-0.21300970337059877	0.8337132497897854
200	Eta	RRF	7.869546661709197	3.0948320847863485e-07
200	Eta	Eta	0.0	1.0
200	Eta	Welch	-0.5544403099727926	0.5861011437415369
200	Eta	Wilcoxon	-0.5352385992827253	0.5990359616010524
200	Eta	KLD	1.0080186906213224	0.3268048251224095
200	Eta	χ2	0.3010136292066644	0.7668535439486446
200	Eta	LLR	0.029890590473042513	0.9764832380967639
200	Eta	TF-IDF	-0.08296300674577624	0.9347966052199077
200	Welch	Zeta_orig	0.5177473350581723	0.6109395175032328
200	Welch	Zeta_log	0.32052705272691345	0.7522600015916732
200	Welch	RRF	8.750690936469551	6.67767824468681e-08
200	Welch	Eta	0.5544403099727926	0.5861011437415369
200	Welch	Welch	0.0	1.0
200	Welch	Wilcoxon	0.030524162135943465	0.9759849300780791
200	Welch	KLD	1.5586824167591282	0.13647998086348853
200	Welch	χ2	0.886470612157051	0.38705462411216585
200	Welch	LLR	0.6022808600400115	0.5544992300515545
200	Welch	TF-IDF	0.4347527294766372	0.6689093066657668
200	Wilcoxon	Zeta_orig	0.49789476300204943	0.6245863805659071
200	Wilcoxon	Zeta_log	0.2974927581280921	0.7694964740614436
200	Wilcoxon	RRF	8.8966382490671	5.2289279764489996e-08
200	Wilcoxon	Eta	0.5352385992827253	0.5990359616010524
200	Wilcoxon	Welch	-0.030524162135943465	0.9759849300780791
200	Wilcoxon	Wilcoxon	0.0	1.0
200	Wilcoxon	KLD	1.5562645965098423	0.13705243201572415
200	Wilcoxon	χ2	0.8734927464868526	0.393898977093168
200	Wilcoxon	LLR	0.5837323604544139	0.5666440158442225
200	Wilcoxon	TF-IDF	0.41424862636576676	0.6835866394122232
200	KLD	Zeta_orig	-1.038616710457275	0.3127344819131387
200	KLD	Zeta_log	-1.1880802156487233	0.25024237372898245
200	KLD	RRF	6.321771702420932	5.870331157735909e-06
200	KLD	Eta	-1.0080186906213224	0.3268048251224095
200	KLD	Welch	-1.5586824167591282	0.13647998086348853
200	KLD	Wilcoxon	-1.5562645965098423	0.13705243201572415
200	KLD	KLD	0.0	1.0
200	KLD	χ2	-0.7552661772541831	0.45985867334628905
200	KLD	LLR	-1.0051129779049675	0.3281638696661259
200	KLD	TF-IDF	-1.0343934041887193	0.3146504209723521
200	χ2	Zeta_orig	-0.3358718129000051	0.7408508952714445
200	χ2	Zeta_log	-0.513259952452891	0.6140116358109076
200	χ2	RRF	7.840453545503469	3.2611499241810674e-07
200	χ2	Eta	-0.3010136292066644	0.7668535439486446
200	χ2	Welch	-0.886470612157051	0.38705462411216585
200	χ2	Wilcoxon	-0.8734927464868526	0.393898977093168
200	χ2	KLD	0.7552661772541831	0.45985867334628905
200	χ2	χ2	0.0	1.0
200	χ2	LLR	-0.2791862668675792	0.7832843697757961
200	χ2	TF-IDF	-0.3679067879345733	0.7172333975379982
200	LLR	Zeta_orig	-0.06514392548803481	0.9487774620018039
200	LLR	Zeta_log	-0.24789851094888707	0.8070188353904982
200	LLR	RRF	8.081910266783062	2.119120669440506e-07
200	LLR	Eta	-0.029890590473042513	0.9764832380967639
200	LLR	Welch	-0.6022808600400115	0.5544992300515545
200	LLR	Wilcoxon	-0.5837323604544139	0.5666440158442225
200	LLR	KLD	1.0051129779049675	0.3281638696661259
200	LLR	χ2	0.2791862668675792	0.7832843697757961
200	LLR	LLR	0.0	1.0
200	LLR	TF-IDF	-0.1131051575209238	0.911199100202553
200	TF-IDF	Zeta_orig	0.050454445587254274	0.9603159242934817
200	TF-IDF	Zeta_log	-0.1199633705600058	0.9058410126232558
200	TF-IDF	RRF	7.462660364197938	6.501523302866792e-07
200	TF-IDF	Eta	0.08296300674577624	0.9347966052199077
200	TF-IDF	Welch	-0.4347527294766372	0.6689093066657668
200	TF-IDF	Wilcoxon	-0.41424862636576676	0.6835866394122232
200	TF-IDF	KLD	1.0343934041887193	0.3146504209723521
200	TF-IDF	χ2	0.3679067879345733	0.7172333975379982
200	TF-IDF	LLR	0.1131051575209238	0.911199100202553
200	TF-IDF	TF-IDF	0.0	1.0
300	Zeta_orig	Zeta_orig	0.0	1.0
300	Zeta_orig	Zeta_log	0.3005434939075257	0.7672062800236639
300	Zeta_orig	RRF	7.6862759602984925	4.311798943290122e-07
300	Zeta_orig	Eta	0.255077072564776	0.8015552653472207
300	Zeta_orig	Welch	-0.3351325734344482	0.7413991424104551
300	Zeta_orig	Wilcoxon	-0.28377080997248966	0.7798242876278102
300	Zeta_orig	KLD	1.1357005299920964	0.2709780747950518
300	Zeta_orig	χ2	0.6569787328020368	0.5195071035081388
300	Zeta_orig	LLR	0.34341161333631387	0.7352673043445975
300	Zeta_orig	TF-IDF	0.1801587998919015	0.8590406441534812
300	Zeta_log	Zeta_orig	-0.3005434939075257	0.7672062800236639
300	Zeta_log	Zeta_log	0.0	1.0
300	Zeta_log	RRF	7.6586319236388025	4.5347183753468424e-07
300	Zeta_log	Eta	-0.016999959186279376	0.9866236666315034
300	Zeta_log	Welch	-0.6616497618118331	0.5165770821062186
300	Zeta_log	Wilcoxon	-0.6249693085850385	0.5398338007247819
300	Zeta_log	KLD	0.8748377822704932	0.3931859498445923
300	Zeta_log	χ2	0.38113238124615617	0.7075662570182925
300	Zeta_log	LLR	0.047130392993124194	0.9629282860351243
300	Zeta_log	TF-IDF	-0.07017101033638103	0.9448312725342805
300	RRF	Zeta_orig	-7.6862759602984925	4.311798943290122e-07
300	RRF	Zeta_log	-7.6586319236388025	4.5347183753468424e-07
300	RRF	RRF	0.0	1.0
300	RRF	Eta	-6.881782318042952	1.949874373095413e-06
300	RRF	Welch	-8.38559344379351	1.2455473227340694e-07
300	RRF	Wilcoxon	-8.736897803264705	6.834744665524032e-08
300	RRF	KLD	-6.475976591091355	4.315462054738888e-06
300	RRF	χ2	-6.935625549829281	1.7577507226499158e-06
300	RRF	LLR	-7.538477580729067	5.65219793388415e-07
300	RRF	TF-IDF	-6.3189058909392015	5.904174782740842e-06
300	Eta	Zeta_orig	-0.255077072564776	0.8015552653472207
300	Eta	Zeta_log	0.016999959186279376	0.9866236666315034
300	Eta	RRF	6.881782318042952	1.949874373095413e-06
300	Eta	Eta	0.0	1.0
300	Eta	Welch	-0.5758298477012128	0.5718600206838429
300	Eta	Wilcoxon	-0.536776629254521	0.5979947408534825
300	Eta	KLD	0.8075435996061089	0.4298962868325573
300	Eta	χ2	0.36134996128575475	0.7220444690373744
300	Eta	LLR	0.05924855949522399	0.9534069697797988
300	Eta	TF-IDF	-0.05074085031693947	0.960090860982909
300	Welch	Zeta_orig	0.3351325734344482	0.7413991424104551
300	Welch	Zeta_log	0.6616497618118331	0.5165770821062186
300	Welch	RRF	8.38559344379351	1.2455473227340694e-07
300	Welch	Eta	0.5758298477012128	0.5718600206838429
300	Welch	Welch	0.0	1.0
300	Welch	Wilcoxon	0.07004151748077123	0.944932904587707
300	Welch	KLD	1.51663249738236	0.1467254000810114
300	Welch	χ2	1.0161174958664199	0.32303785114674766
300	Welch	LLR	0.7028473657200583	0.4911418778217268
300	Welch	TF-IDF	0.4690916419462233	0.6446358411536748
300	Wilcoxon	Zeta_orig	0.28377080997248966	0.7798242876278102
300	Wilcoxon	Zeta_log	0.6249693085850385	0.5398338007247819
300	Wilcoxon	RRF	8.736897803264705	6.834744665524032e-08
300	Wilcoxon	Eta	0.536776629254521	0.5979947408534825
300	Wilcoxon	Welch	-0.07004151748077123	0.944932904587707
300	Wilcoxon	Wilcoxon	0.0	1.0
300	Wilcoxon	KLD	1.5190571835579476	0.1461177404419665
300	Wilcoxon	χ2	0.9956899845949846	0.33259848072186327
300	Wilcoxon	LLR	0.6682252096557297	0.5124682621042824
300	Wilcoxon	TF-IDF	0.4284675855323956	0.6733941395737141
300	KLD	Zeta_orig	-1.1357005299920964	0.2709780747950518
300	KLD	Zeta_log	-0.8748377822704932	0.3931859498445923
300	KLD	RRF	6.475976591091355	4.315462054738888e-06
300	KLD	Eta	-0.8075435996061089	0.4298962868325573
300	KLD	Welch	-1.51663249738236	0.1467254000810114
300	KLD	Wilcoxon	-1.5190571835579476	0.1461177404419665
300	KLD	KLD	0.0	1.0
300	KLD	χ2	-0.47181225579711383	0.6427296901173197
300	KLD	LLR	-0.8219346784382823	0.4218685742202446
300	KLD	TF-IDF	-0.792897544391469	0.43816438068215724
300	χ2	Zeta_orig	-0.6569787328020368	0.5195071035081388
300	χ2	Zeta_log	-0.38113238124615617	0.7075662570182925
300	χ2	RRF	6.935625549829281	1.7577507226499158e-06
300	χ2	Eta	-0.36134996128575475	0.7220444690373744
300	χ2	Welch	-1.0161174958664199	0.32303785114674766
300	χ2	Wilcoxon	-0.9956899845949846	0.33259848072186327
300	χ2	KLD	0.47181225579711383	0.6427296901173197
300	χ2	χ2	0.0	1.0
300	χ2	LLR	-0.3327603234782469	0.7431594511186226
300	χ2	TF-IDF	-0.3842423892826507	0.7053003577469014
300	LLR	Zeta_orig	-0.34341161333631387	0.7352673043445975
300	LLR	Zeta_log	-0.047130392993124194	0.9629282860351243
300	LLR	RRF	7.538477580729067	5.65219793388415e-07
300	LLR	Eta	-0.05924855949522399	0.9534069697797988
300	LLR	Welch	-0.7028473657200583	0.4911418778217268
300	LLR	Wilcoxon	-0.6682252096557297	0.5124682621042824
300	LLR	KLD	0.8219346784382823	0.4218685742202446
300	LLR	χ2	0.3327603234782469	0.7431594511186226
300	LLR	LLR	0.0	1.0
300	LLR	TF-IDF	-0.10838759001018447	0.9148873364361668
300	TF-IDF	Zeta_orig	-0.1801587998919015	0.8590406441534812
300	TF-IDF	Zeta_log	0.07017101033638103	0.9448312725342805
300	TF-IDF	RRF	6.3189058909392015	5.904174782740842e-06
300	TF-IDF	Eta	0.05074085031693947	0.960090860982909
300	TF-IDF	Welch	-0.4690916419462233	0.6446358411536748
300	TF-IDF	Wilcoxon	-0.4284675855323956	0.6733941395737141
300	TF-IDF	KLD	0.792897544391469	0.43816438068215724
300	TF-IDF	χ2	0.3842423892826507	0.7053003577469014
300	TF-IDF	LLR	0.10838759001018447	0.9148873364361668
300	TF-IDF	TF-IDF	0.0	1.0
400	Zeta_orig	Zeta_orig	0.0	1.0
400	Zeta_orig	Zeta_log	-0.6298715745832538	0.5366929301085205
400	Zeta_orig	RRF	6.160670888493959	8.123498128834074e-06
400	Zeta_orig	Eta	-0.19000864425730465	0.85142871930239
400	Zeta_orig	Welch	-1.1817762644244805	0.25267253215375657
400	Zeta_orig	Wilcoxon	-0.5974238755156469	0.5576659956536092
400	Zeta_orig	KLD	0.6738048385746858	0.5089962502706817
400	Zeta_orig	χ2	-0.31360343017096354	0.7574273210238102
400	Zeta_orig	LLR	-0.26430254613543147	0.7945492734007994
400	Zeta_orig	TF-IDF	-0.7908395041319704	0.4393341059946194
400	Zeta_log	Zeta_orig	0.6298715745832538	0.5366929301085205
400	Zeta_log	Zeta_log	0.0	1.0
400	Zeta_log	RRF	6.845532822541059	2.0913756659476987e-06
400	Zeta_log	Eta	0.3982034075118164	0.6951637722956794
400	Zeta_log	Welch	-0.56121724439457	0.5815697766141301
400	Zeta_log	Wilcoxon	0.07555832668956283	0.9406039396111247
400	Zeta_log	KLD	1.3792133043887265	0.18472609073625132
400	Zeta_log	χ2	0.3923933408012362	0.6993752039776042
400	Zeta_log	LLR	0.38758574689356884	0.7028676044337389
400	Zeta_log	TF-IDF	-0.11090057228020221	0.9129224114446857
400	RRF	Zeta_orig	-6.160670888493959	8.123498128834074e-06
400	RRF	Zeta_log	-6.845532822541059	2.0913756659476987e-06
400	RRF	RRF	0.0	1.0
400	RRF	Eta	-5.962781887728	1.216368596742858e-05
400	RRF	Welch	-7.3543824742370765	7.951059453909434e-07
400	RRF	Wilcoxon	-7.2324817547352875	9.992041166211794e-07
400	RRF	KLD	-6.142655916680502	8.425813219151325e-06
400	RRF	χ2	-7.240210730835643	9.847744955415416e-07
400	RRF	LLR	-6.661523527752266	2.9927589846478606e-06
400	RRF	TF-IDF	-7.514035412643154	5.912633112080581e-07
400	Eta	Zeta_orig	0.19000864425730465	0.85142871930239
400	Eta	Zeta_log	-0.3982034075118164	0.6951637722956794
400	Eta	RRF	5.962781887728	1.216368596742858e-05
400	Eta	Eta	0.0	1.0
400	Eta	Welch	-0.917024675299261	0.37125366980795516
400	Eta	Wilcoxon	-0.3519431086744791	0.7289675885785245
400	Eta	KLD	0.8304356617360134	0.4171715972717892
400	Eta	χ2	-0.07911841578262763	0.9378113882020096
400	Eta	LLR	-0.05019242713407171	0.9605218273237498
400	Eta	TF-IDF	-0.5278394834936697	0.6040574627339259
400	Welch	Zeta_orig	1.1817762644244805	0.25267253215375657
400	Welch	Zeta_log	0.56121724439457	0.5815697766141301
400	Welch	RRF	7.3543824742370765	7.951059453909434e-07
400	Welch	Eta	0.917024675299261	0.37125366980795516
400	Welch	Welch	0.0	1.0
400	Welch	Wilcoxon	0.674032256796718	0.5088550198414976
400	Welch	KLD	1.982997983195919	0.06283920953795688
400	Welch	χ2	1.0143648614522451	0.32385043464902974
400	Welch	LLR	0.9623083180303109	0.34864514632104604
400	Welch	TF-IDF	0.49704731366677374	0.6251720962889429
400	Wilcoxon	Zeta_orig	0.5974238755156469	0.5576659956536092
400	Wilcoxon	Zeta_log	-0.07555832668956283	0.9406039396111247
400	Wilcoxon	RRF	7.2324817547352875	9.992041166211794e-07
400	Wilcoxon	Eta	0.3519431086744791	0.7289675885785245
400	Wilcoxon	Welch	-0.674032256796718	0.5088550198414976
400	Wilcoxon	Wilcoxon	0.0	1.0
400	Wilcoxon	KLD	1.411653042635592	0.17510529399707603
400	Wilcoxon	χ2	0.34095347935525505	0.7370860232856628
400	Wilcoxon	LLR	0.3378043816605735	0.7394183064982831
400	Wilcoxon	TF-IDF	-0.20283035492425125	0.841542718831316
400	KLD	Zeta_orig	-0.6738048385746858	0.5089962502706817
400	KLD	Zeta_log	-1.3792133043887265	0.18472609073625132
400	KLD	RRF	6.142655916680502	8.425813219151325e-06
400	KLD	Eta	-0.8304356617360134	0.4171715972717892
400	KLD	Welch	-1.982997983195919	0.06283920953795688
400	KLD	Wilcoxon	-1.411653042635592	0.17510529399707603
400	KLD	KLD	0.0	1.0
400	KLD	χ2	-1.1381217685846745	0.26999217549349874
400	KLD	LLR	-1.0006929547263912	0.33023879790663
400	KLD	TF-IDF	-1.6451520157085642	0.1172882249805385
400	χ2	Zeta_orig	0.31360343017096354	0.7574273210238102
400	χ2	Zeta_log	-0.3923933408012362	0.6993752039776042
400	χ2	RRF	7.240210730835643	9.847744955415416e-07
400	χ2	Eta	0.07911841578262763	0.9378113882020096
400	χ2	Welch	-1.0143648614522451	0.32385043464902974
400	χ2	Wilcoxon	-0.34095347935525505	0.7370860232856628
400	χ2	KLD	1.1381217685846745	0.26999217549349874
400	χ2	χ2	0.0	1.0
400	χ2	LLR	0.028864786764368197	0.9772900600644733
400	χ2	TF-IDF	-0.5608223485052406	0.5818333337460981
400	LLR	Zeta_orig	0.26430254613543147	0.7945492734007994
400	LLR	Zeta_log	-0.38758574689356884	0.7028676044337389
400	LLR	RRF	6.661523527752266	2.9927589846478606e-06
400	LLR	Eta	0.05019242713407171	0.9605218273237498
400	LLR	Welch	-0.9623083180303109	0.34864514632104604
400	LLR	Wilcoxon	-0.3378043816605735	0.7394183064982831
400	LLR	KLD	1.0006929547263912	0.33023879790663
400	LLR	χ2	-0.028864786764368197	0.9772900600644733
400	LLR	LLR	0.0	1.0
400	LLR	TF-IDF	-0.5367405065184953	0.5980191851157688
400	TF-IDF	Zeta_orig	0.7908395041319704	0.4393341059946194
400	TF-IDF	Zeta_log	0.11090057228020221	0.9129224114446857
400	TF-IDF	RRF	7.514035412643154	5.912633112080581e-07
400	TF-IDF	Eta	0.5278394834936697	0.6040574627339259
400	TF-IDF	Welch	-0.49704731366677374	0.6251720962889429
400	TF-IDF	Wilcoxon	0.20283035492425125	0.841542718831316
400	TF-IDF	KLD	1.6451520157085642	0.1172882249805385
400	TF-IDF	χ2	0.5608223485052406	0.5818333337460981
400	TF-IDF	LLR	0.5367405065184953	0.5980191851157688
400	TF-IDF	TF-IDF	0.0	1.0
500	Zeta_orig	Zeta_orig	0.0	1.0
500	Zeta_orig	Zeta_log	-0.32204810564275127	0.7511263941473488
500	Zeta_orig	RRF	6.171717137819612	7.943684814163427e-06
500	Zeta_orig	Eta	0.4889787532529855	0.6307615171918619
500	Zeta_orig	Welch	-0.6039247378533624	0.5534295832940155
500	Zeta_orig	Wilcoxon	-0.23353928945374375	0.8179780160477096
500	Zeta_orig	KLD	0.8522192072626784	0.4052892015756523
500	Zeta_orig	χ2	-0.23749409230198987	0.8149556887488063
500	Zeta_orig	LLR	0.2693390026199907	0.7907320302652932
500	Zeta_orig	TF-IDF	-0.3261760564818923	0.7480528659302506
500	Zeta_log	Zeta_orig	0.32204810564275127	0.7511263941473488
500	Zeta_log	Zeta_log	0.0	1.0
500	Zeta_log	RRF	6.638831401005641	3.1289842196818993e-06
500	Zeta_log	Eta	0.8357301104103515	0.4142632687112249
500	Zeta_log	Welch	-0.2633006105398837	0.795309303419063
500	Zeta_log	Wilcoxon	0.10651546124892101	0.9163515396365567
500	Zeta_log	KLD	1.235383191030925	0.23256992813719907
500	Zeta_log	χ2	0.12795404935692262	0.8996040482523975
500	Zeta_log	LLR	0.6304517153434903	0.5363218961800731
500	Zeta_log	TF-IDF	0.04719372668962379	0.9628785081629305
500	RRF	Zeta_orig	-6.171717137819612	7.943684814163427e-06
500	RRF	Zeta_log	-6.638831401005641	3.1289842196818993e-06
500	RRF	RRF	0.0	1.0
500	RRF	Eta	-6.007546287840992	1.109717322112107e-05
500	RRF	Welch	-7.52410668925797	5.803842846575025e-07
500	RRF	Wilcoxon	-6.935734865411739	1.757381286104664e-06
500	RRF	KLD	-6.249310465220832	6.791007164168654e-06
500	RRF	χ2	-7.568985368650156	5.343768382065165e-07
500	RRF	LLR	-6.65942989625244	3.005066308777929e-06
500	RRF	TF-IDF	-7.92056542306274	2.824147520774493e-07
500	Eta	Zeta_orig	-0.4889787532529855	0.6307615171918619
500	Eta	Zeta_log	-0.8357301104103515	0.4142632687112249
500	Eta	RRF	6.007546287840992	1.109717322112107e-05
500	Eta	Eta	0.0	1.0
500	Eta	Welch	-1.177257136002518	0.25442559604918685
500	Eta	Wilcoxon	-0.7719259823608262	0.45017477193161026
500	Eta	KLD	0.3455675475775048	0.7336735006674315
500	Eta	χ2	-0.8218396554764766	0.42192126598124424
500	Eta	LLR	-0.25914392278494863	0.7984646514636918
500	Eta	TF-IDF	-0.9346531898472028	0.36233732307776145
500	Welch	Zeta_orig	0.6039247378533624	0.5534295832940155
500	Welch	Zeta_log	0.2633006105398837	0.795309303419063
500	Welch	RRF	7.52410668925797	5.803842846575025e-07
500	Welch	Eta	1.177257136002518	0.25442559604918685
500	Welch	Welch	0.0	1.0
500	Welch	Wilcoxon	0.39472073231231203	0.6976869775782109
500	Welch	KLD	1.655839966482499	0.1150834130884542
500	Welch	χ2	0.44526263679244793	0.6614384790627874
500	Welch	LLR	0.9783723224152718	0.34085753152599474
500	Welch	TF-IDF	0.36687645588849066	0.7179886041399899
500	Wilcoxon	Zeta_orig	0.23353928945374375	0.8179780160477096
500	Wilcoxon	Zeta_log	-0.10651546124892101	0.9163515396365567
500	Wilcoxon	RRF	6.935734865411739	1.757381286104664e-06
500	Wilcoxon	Eta	0.7719259823608262	0.45017477193161026
500	Wilcoxon	Welch	-0.39472073231231203	0.6976869775782109
500	Wilcoxon	Wilcoxon	0.0	1.0
500	Wilcoxon	KLD	1.1968360956097532	0.24689643996277086
500	Wilcoxon	χ2	0.014272077414959674	0.9887699183130901
500	Wilcoxon	LLR	0.5527861998341181	0.5872098505664103
500	Wilcoxon	TF-IDF	-0.07560365598034621	0.9405683780307957
500	KLD	Zeta_orig	-0.8522192072626784	0.4052892015756523
500	KLD	Zeta_log	-1.235383191030925	0.23256992813719907
500	KLD	RRF	6.249310465220832	6.791007164168654e-06
500	KLD	Eta	-0.3455675475775048	0.7336735006674315
500	KLD	Welch	-1.655839966482499	0.1150834130884542
500	KLD	Wilcoxon	-1.1968360956097532	0.24689643996277086
500	KLD	KLD	0.0	1.0
500	KLD	χ2	-1.3028239970186524	0.20905670352926561
500	KLD	LLR	-0.6546141971664654	0.5209938597213193
500	KLD	TF-IDF	-1.450355530646134	0.16416220250822583
500	χ2	Zeta_orig	0.23749409230198987	0.8149556887488063
500	χ2	Zeta_log	-0.12795404935692262	0.8996040482523975
500	χ2	RRF	7.568985368650156	5.343768382065165e-07
500	χ2	Eta	0.8218396554764766	0.42192126598124424
500	χ2	Welch	-0.44526263679244793	0.6614384790627874
500	χ2	Wilcoxon	-0.014272077414959674	0.9887699183130901
500	χ2	KLD	1.3028239970186524	0.20905670352926561
500	χ2	χ2	0.0	1.0
500	χ2	LLR	0.5898726092849881	0.5626083388395883
500	χ2	TF-IDF	-0.10041493576101182	0.9211249068357814
500	LLR	Zeta_orig	-0.2693390026199907	0.7907320302652932
500	LLR	Zeta_log	-0.6304517153434903	0.5363218961800731
500	LLR	RRF	6.65942989625244	3.005066308777929e-06
500	LLR	Eta	0.25914392278494863	0.7984646514636918
500	LLR	Welch	-0.9783723224152718	0.34085753152599474
500	LLR	Wilcoxon	-0.5527861998341181	0.5872098505664103
500	LLR	KLD	0.6546141971664654	0.5209938597213193
500	LLR	χ2	-0.5898726092849881	0.5626083388395883
500	LLR	LLR	0.0	1.0
500	LLR	TF-IDF	-0.7049729396890736	0.48984961489300793
500	TF-IDF	Zeta_orig	0.3261760564818923	0.7480528659302506
500	TF-IDF	Zeta_log	-0.04719372668962379	0.9628785081629305
500	TF-IDF	RRF	7.92056542306274	2.824147520774493e-07
500	TF-IDF	Eta	0.9346531898472028	0.36233732307776145
500	TF-IDF	Welch	-0.36687645588849066	0.7179886041399899
500	TF-IDF	Wilcoxon	0.07560365598034621	0.9405683780307957
500	TF-IDF	KLD	1.450355530646134	0.16416220250822583
500	TF-IDF	χ2	0.10041493576101182	0.9211249068357814
500	TF-IDF	LLR	0.7049729396890736	0.48984961489300793
500	TF-IDF	TF-IDF	0.0	1.0
1000	Zeta_orig	Zeta_orig	0.0	1.0
1000	Zeta_orig	Zeta_log	0.07753523552156227	0.9390531423326622
1000	Zeta_orig	RRF	4.861836690716361	0.00012531376435405357
1000	Zeta_orig	Eta	0.4399382052429797	0.6652187713269497
1000	Zeta_orig	Welch	-0.5160108149600906	0.6121274838801226
1000	Zeta_orig	Wilcoxon	-0.06487079000318723	0.9489919094524153
1000	Zeta_orig	KLD	0.9945341855021648	0.33314529692649264
1000	Zeta_orig	χ2	-0.027264022036348607	0.9785491542472118
1000	Zeta_orig	LLR	0.3889490256316851	0.7018765764962027
1000	Zeta_orig	TF-IDF	0.25739202852941895	0.7997955914339401
1000	Zeta_log	Zeta_orig	-0.07753523552156227	0.9390531423326622
1000	Zeta_log	Zeta_log	0.0	1.0
1000	Zeta_log	RRF	4.464808406819265	0.00029936787324376526
1000	Zeta_log	Eta	0.3355569228476926	0.7410844118602883
1000	Zeta_log	Welch	-0.5591805949975084	0.582929704021535
1000	Zeta_log	Wilcoxon	-0.14127816313510722	0.8892193293524399
1000	Zeta_log	KLD	0.831013786997954	0.41685338948455
1000	Zeta_log	χ2	-0.1054482114021181	0.9171863803791849
1000	Zeta_log	LLR	0.28402598441284604	0.7796318386196186
1000	Zeta_log	TF-IDF	0.15908722461623254	0.875371559217105
1000	RRF	Zeta_orig	-4.861836690716361	0.00012531376435405357
1000	RRF	Zeta_log	-4.464808406819265	0.00029936787324376526
1000	RRF	RRF	0.0	1.0
1000	RRF	Eta	-4.322006758075074	0.00041057373660630537
1000	RRF	Welch	-5.6786977927359015	2.190568380373022e-05
1000	RRF	Wilcoxon	-5.186607613311706	6.210194697593793e-05
1000	RRF	KLD	-4.36379558485414	0.00037427806380533035
1000	RRF	χ2	-5.074120676248535	7.910280137314417e-05
1000	RRF	LLR	-4.5321825012984345	0.0002580281386755113
1000	RRF	TF-IDF	-4.777797502640695	0.00015052123574105426
1000	Eta	Zeta_orig	-0.4399382052429797	0.6652187713269497
1000	Eta	Zeta_log	-0.3355569228476926	0.7410844118602883
1000	Eta	RRF	4.322006758075074	0.00041057373660630537
1000	Eta	Eta	0.0	1.0
1000	Eta	Welch	-0.9702566553405237	0.3447766798036055
1000	Eta	Wilcoxon	-0.5261957860050381	0.6051757580950266
1000	Eta	KLD	0.4858422691662258	0.6329405161857589
1000	Eta	χ2	-0.4828938238641394	0.6349920370768629
1000	Eta	LLR	-0.06454439199871384	0.9492481802772129
1000	Eta	TF-IDF	-0.2035915417856978	0.8409566505700031
1000	Welch	Zeta_orig	0.5160108149600906	0.6121274838801226
1000	Welch	Zeta_log	0.5591805949975084	0.582929704021535
1000	Welch	RRF	5.6786977927359015	2.190568380373022e-05
1000	Welch	Eta	0.9702566553405237	0.3447766798036055
1000	Welch	Welch	0.0	1.0
1000	Welch	Wilcoxon	0.47878690801629326	0.6378546922701517
1000	Welch	KLD	1.6508474736592584	0.11610887449013667
1000	Welch	χ2	0.5097508184628177	0.6164191701858031
1000	Welch	LLR	0.93745549873436	0.3609334489766858
1000	Welch	TF-IDF	0.8123992052699441	0.42717699733562764
1000	Wilcoxon	Zeta_orig	0.06487079000318723	0.9489919094524153
1000	Wilcoxon	Zeta_log	0.14127816313510722	0.8892193293524399
1000	Wilcoxon	RRF	5.186607613311706	6.210194697593793e-05
1000	Wilcoxon	Eta	0.5261957860050381	0.6051757580950266
1000	Wilcoxon	Welch	-0.47878690801629326	0.6378546922701517
1000	Wilcoxon	Wilcoxon	0.0	1.0
1000	Wilcoxon	KLD	1.1341874562929986	0.271595537701636
1000	Wilcoxon	χ2	0.03881114497527291	0.9694681817729934
1000	Wilcoxon	LLR	0.47648370074081525	0.6394626761053945
1000	Wilcoxon	TF-IDF	0.3400671444100169	0.7377421957283778
1000	KLD	Zeta_orig	-0.9945341855021648	0.33314529692649264
1000	KLD	Zeta_log	-0.831013786997954	0.41685338948455
1000	KLD	RRF	4.36379558485414	0.00037427806380533035
1000	KLD	Eta	-0.4858422691662258	0.6329405161857589
1000	KLD	Welch	-1.6508474736592584	0.11610887449013667
1000	KLD	Wilcoxon	-1.1341874562929986	0.271595537701636
1000	KLD	KLD	0.0	1.0
1000	KLD	χ2	-1.0724089161125139	0.29770451455968094
1000	KLD	LLR	-0.5789502318351901	0.5697974726743305
1000	KLD	TF-IDF	-0.7524301323078675	0.4615197154817108
1000	χ2	Zeta_orig	0.027264022036348607	0.9785491542472118
1000	χ2	Zeta_log	0.1054482114021181	0.9171863803791849
1000	χ2	RRF	5.074120676248535	7.910280137314417e-05
1000	χ2	Eta	0.4828938238641394	0.6349920370768629
1000	χ2	Welch	-0.5097508184628177	0.6164191701858031
1000	χ2	Wilcoxon	-0.03881114497527291	0.9694681817729934
1000	χ2	KLD	1.0724089161125139	0.29770451455968094
1000	χ2	χ2	0.0	1.0
1000	χ2	LLR	0.4320575327742678	0.6708309365904637
1000	χ2	TF-IDF	0.29650115807918886	0.7702413417371039
1000	LLR	Zeta_orig	-0.3889490256316851	0.7018765764962027
1000	LLR	Zeta_log	-0.28402598441284604	0.7796318386196186
1000	LLR	RRF	4.5321825012984345	0.0002580281386755113
1000	LLR	Eta	0.06454439199871384	0.9492481802772129
1000	LLR	Welch	-0.93745549873436	0.3609334489766858
1000	LLR	Wilcoxon	-0.47648370074081525	0.6394626761053945
1000	LLR	KLD	0.5789502318351901	0.5697974726743305
1000	LLR	χ2	-0.4320575327742678	0.6708309365904637
1000	LLR	LLR	0.0	1.0
1000	LLR	TF-IDF	-0.1426177935643079	0.8881763387049015
1000	TF-IDF	Zeta_orig	-0.25739202852941895	0.7997955914339401
1000	TF-IDF	Zeta_log	-0.15908722461623254	0.875371559217105
1000	TF-IDF	RRF	4.777797502640695	0.00015052123574105426
1000	TF-IDF	Eta	0.2035915417856978	0.8409566505700031
1000	TF-IDF	Welch	-0.8123992052699441	0.42717699733562764
1000	TF-IDF	Wilcoxon	-0.3400671444100169	0.7377421957283778
1000	TF-IDF	KLD	0.7524301323078675	0.4615197154817108
1000	TF-IDF	χ2	-0.29650115807918886	0.7702413417371039
1000	TF-IDF	LLR	0.1426177935643079	0.8881763387049015
1000	TF-IDF	TF-IDF	0.0	1.0
2000	Zeta_orig	Zeta_orig	0.0	1.0
2000	Zeta_orig	Zeta_log	0.04503208625305879	0.9645775625716204
2000	Zeta_orig	RRF	3.5508961149940115	0.0022833876115345695
2000	Zeta_orig	Eta	-0.1833287103554596	0.8565893579877869
2000	Zeta_orig	Welch	-0.7079001019551843	0.4880732724488871
2000	Zeta_orig	Wilcoxon	-0.32702851857746146	0.747418691404859
2000	Zeta_orig	KLD	0.46466506138581953	0.6477426685262975
2000	Zeta_orig	χ2	-0.5384800752114316	0.59684257816605
2000	Zeta_orig	LLR	0.12930127812409117	0.8985531467143704
2000	Zeta_orig	TF-IDF	-0.10744830778998256	0.9156219158904662
2000	Zeta_log	Zeta_orig	-0.04503208625305879	0.9645775625716204
2000	Zeta_log	Zeta_log	0.0	1.0
2000	Zeta_log	RRF	3.244297250362897	0.004501605539644485
2000	Zeta_log	Eta	-0.21781012883826115	0.8300271374355848
2000	Zeta_log	Welch	-0.7074505908236265	0.48834581211765227
2000	Zeta_log	Wilcoxon	-0.35191519228352336	0.7289881701747623
2000	Zeta_log	KLD	0.38629218563295353	0.7038084586327705
2000	Zeta_log	χ2	-0.5491210225378067	0.5896702708520927
2000	Zeta_log	LLR	0.07570425860250182	0.9404894540649296
2000	Zeta_log	TF-IDF	-0.14771349695130107	0.884210933340003
2000	RRF	Zeta_orig	-3.5508961149940115	0.0022833876115345695
2000	RRF	Zeta_log	-3.244297250362897	0.004501605539644485
2000	RRF	RRF	0.0	1.0
2000	RRF	Eta	-3.9356748133519663	0.000969224230094282
2000	RRF	Welch	-4.510341491547805	0.0002707537836628295
2000	RRF	Wilcoxon	-4.047239304527964	0.0007559757921417889
2000	RRF	KLD	-3.2530040933135163	0.004416085137625184
2000	RRF	χ2	-4.359437107416005	0.0003779069943580373
2000	RRF	LLR	-3.454138539488255	0.002830641499879559
2000	RRF	TF-IDF	-3.973792442246482	0.0008903138276731694
2000	Eta	Zeta_orig	0.1833287103554596	0.8565893579877869
2000	Eta	Zeta_log	0.21781012883826115	0.8300271374355848
2000	Eta	RRF	3.9356748133519663	0.000969224230094282
2000	Eta	Eta	0.0	1.0
2000	Eta	Welch	-0.5490260918126739	0.5897340659741137
2000	Eta	Wilcoxon	-0.1521760133166769	0.8807408452160633
2000	Eta	KLD	0.6799096261983795	0.5052128187242314
2000	Eta	χ2	-0.3705577458662227	0.7152916942914054
2000	Eta	LLR	0.32034826251281506	0.75239328818048
2000	Eta	TF-IDF	0.0846884575362566	0.9334438989225792
2000	Welch	Zeta_orig	0.7079001019551843	0.4880732724488871
2000	Welch	Zeta_log	0.7074505908236265	0.48834581211765227
2000	Welch	RRF	4.510341491547805	0.0002707537836628295
2000	Welch	Eta	0.5490260918126739	0.5897340659741137
2000	Welch	Welch	0.0	1.0
2000	Welch	Wilcoxon	0.3908772886642146	0.7004757757036144
2000	Welch	KLD	1.2326410839955806	0.23356748472201622
2000	Welch	χ2	0.1829226211916955	0.8569033027501456
2000	Welch	LLR	0.850813635982037	0.40604922666062926
2000	Welch	TF-IDF	0.6495571210690844	0.5241815770829621
2000	Wilcoxon	Zeta_orig	0.32702851857746146	0.747418691404859
2000	Wilcoxon	Zeta_log	0.35191519228352336	0.7289881701747623
2000	Wilcoxon	RRF	4.047239304527964	0.0007559757921417889
2000	Wilcoxon	Eta	0.1521760133166769	0.8807408452160633
2000	Wilcoxon	Welch	-0.3908772886642146	0.7004757757036144
2000	Wilcoxon	Wilcoxon	0.0	1.0
2000	Wilcoxon	KLD	0.8255661076030136	0.41985802670734074
2000	Wilcoxon	χ2	-0.21307431107040037	0.8336636127946098
2000	Wilcoxon	LLR	0.4642138701577848	0.6480597158558885
2000	Wilcoxon	TF-IDF	0.2401858130905372	0.8129003348598851
2000	KLD	Zeta_orig	-0.46466506138581953	0.6477426685262975
2000	KLD	Zeta_log	-0.38629218563295353	0.7038084586327705
2000	KLD	RRF	3.2530040933135163	0.004416085137625184
2000	KLD	Eta	-0.6799096261983795	0.5052128187242314
2000	KLD	Welch	-1.2326410839955806	0.23356748472201622
2000	KLD	Wilcoxon	-0.8255661076030136	0.41985802670734074
2000	KLD	KLD	0.0	1.0
2000	KLD	χ2	-1.058625962275505	0.30377051165032465
2000	KLD	LLR	-0.33416721198323746	0.7421153044262863
2000	KLD	TF-IDF	-0.614596530747836	0.5465123871941013
2000	χ2	Zeta_orig	0.5384800752114316	0.59684257816605
2000	χ2	Zeta_log	0.5491210225378067	0.5896702708520927
2000	χ2	RRF	4.359437107416005	0.0003779069943580373
2000	χ2	Eta	0.3705577458662227	0.7152916942914054
2000	χ2	Welch	-0.1829226211916955	0.8569033027501456
2000	χ2	Wilcoxon	0.21307431107040037	0.8336636127946098
2000	χ2	KLD	1.058625962275505	0.30377051165032465
2000	χ2	χ2	0.0	1.0
2000	χ2	LLR	0.6806085894609368	0.5047806650747788
2000	χ2	TF-IDF	0.46685722740010205	0.6462032440914753
2000	LLR	Zeta_orig	-0.12930127812409117	0.8985531467143704
2000	LLR	Zeta_log	-0.07570425860250182	0.9404894540649296
2000	LLR	RRF	3.454138539488255	0.002830641499879559
2000	LLR	Eta	-0.32034826251281506	0.75239328818048
2000	LLR	Welch	-0.850813635982037	0.40604922666062926
2000	LLR	Wilcoxon	-0.4642138701577848	0.6480597158558885
2000	LLR	KLD	0.33416721198323746	0.7421153044262863
2000	LLR	χ2	-0.6806085894609368	0.5047806650747788
2000	LLR	LLR	0.0	1.0
2000	LLR	TF-IDF	-0.24731666408251585	0.807462128563356
2000	TF-IDF	Zeta_orig	0.10744830778998256	0.9156219158904662
2000	TF-IDF	Zeta_log	0.14771349695130107	0.884210933340003
2000	TF-IDF	RRF	3.973792442246482	0.0008903138276731694
2000	TF-IDF	Eta	-0.0846884575362566	0.9334438989225792
2000	TF-IDF	Welch	-0.6495571210690844	0.5241815770829621
2000	TF-IDF	Wilcoxon	-0.2401858130905372	0.8129003348598851
2000	TF-IDF	KLD	0.614596530747836	0.5465123871941013
2000	TF-IDF	χ2	-0.46685722740010205	0.6462032440914753
2000	TF-IDF	LLR	0.24731666408251585	0.807462128563356
2000	TF-IDF	TF-IDF	0.0	1.0
3000	Zeta_orig	Zeta_orig	0.0	1.0
3000	Zeta_orig	Zeta_log	0.09480685292929764	0.9255156880002111
3000	Zeta_orig	RRF	1.6145857536345294	0.12379304571715868
3000	Zeta_orig	Eta	-0.17339919125537645	0.8642727338314712
3000	Zeta_orig	Welch	-0.6958778691725848	0.49539295960748175
3000	Zeta_orig	Wilcoxon	0.06864880492957671	0.9460260317008723
3000	Zeta_orig	KLD	0.4568485950299984	0.6532449756788116
3000	Zeta_orig	χ2	-0.449568919837232	0.6583878935980387
3000	Zeta_orig	LLR	0.06907274804302213	0.9456932709192997
3000	Zeta_orig	TF-IDF	0.07020074512353215	0.9448079354192336
3000	Zeta_log	Zeta_orig	-0.09480685292929764	0.9255156880002111
3000	Zeta_log	Zeta_log	0.0	1.0
3000	Zeta_log	RRF	1.4369144289346247	0.16789766810862974
3000	Zeta_log	Eta	-0.26235332270696154	0.7960280736697387
3000	Zeta_log	Welch	-0.7589099250772131	0.4577299057438142
3000	Zeta_log	Wilcoxon	-0.030768661439253376	0.9757926325772561
3000	Zeta_log	KLD	0.33493013263206695	0.7415493048115425
3000	Zeta_log	χ2	-0.5250918821153959	0.6059273677719328
3000	Zeta_log	LLR	-0.028573676960049435	0.9775190303197107
3000	Zeta_log	TF-IDF	-0.029025139402867394	0.97716393675329
3000	RRF	Zeta_orig	-1.6145857536345294	0.12379304571715868
3000	RRF	Zeta_log	-1.4369144289346247	0.16789766810862974
3000	RRF	RRF	0.0	1.0
3000	RRF	Eta	-1.851939979152735	0.08050886721735642
3000	RRF	Welch	-2.450645597216868	0.02471048298290339
3000	RRF	Wilcoxon	-1.5686613554786224	0.13413847472998403
3000	RRF	KLD	-1.2160332410913168	0.23967970168421576
3000	RRF	χ2	-2.1613329438467903	0.04439053940202707
3000	RRF	LLR	-1.5352839878862192	0.14210466183884476
3000	RRF	TF-IDF	-1.562136960660245	0.13566554562994546
3000	Eta	Zeta_orig	0.17339919125537645	0.8642727338314712
3000	Eta	Zeta_log	0.26235332270696154	0.7960280736697387
3000	Eta	RRF	1.851939979152735	0.08050886721735642
3000	Eta	Eta	0.0	1.0
3000	Eta	Welch	-0.5373608380910387	0.5975994750195526
3000	Eta	Wilcoxon	0.24720606295739148	0.8075464001232071
3000	Eta	KLD	0.6553942375955931	0.5205031286676083
3000	Eta	χ2	-0.28426611143239017	0.779450751552029
3000	Eta	LLR	0.24392405065238995	0.810048199470684
3000	Eta	TF-IDF	0.24825596698856472	0.8067465327782561
3000	Welch	Zeta_orig	0.6958778691725848	0.49539295960748175
3000	Welch	Zeta_log	0.7589099250772131	0.4577299057438142
3000	Welch	RRF	2.450645597216868	0.02471048298290339
3000	Welch	Eta	0.5373608380910387	0.5975994750195526
3000	Welch	Welch	0.0	1.0
3000	Welch	Wilcoxon	0.7810912886463847	0.4449010671007514
3000	Welch	KLD	1.221533965612921	0.23764184038961567
3000	Welch	χ2	0.25117413649390213	0.8045244854633319
3000	Welch	LLR	0.7657569663764441	0.45374596721811244
3000	Welch	TF-IDF	0.7803854093935014	0.44530586587915366
3000	Wilcoxon	Zeta_orig	-0.06864880492957671	0.9460260317008723
3000	Wilcoxon	Zeta_log	0.030768661439253376	0.9757926325772561
3000	Wilcoxon	RRF	1.5686613554786224	0.13413847472998403
3000	Wilcoxon	Eta	-0.24720606295739148	0.8075464001232071
3000	Wilcoxon	Welch	-0.7810912886463847	0.4449010671007514
3000	Wilcoxon	Wilcoxon	0.0	1.0
3000	Wilcoxon	KLD	0.39242404010021875	0.6993529250182637
3000	Wilcoxon	χ2	-0.5289235295508778	0.6033204797187525
3000	Wilcoxon	LLR	0.0017668505914820725	0.9986096924767821
3000	Wilcoxon	TF-IDF	0.0017749151097574472	0.9986033466385524
3000	KLD	Zeta_orig	-0.4568485950299984	0.6532449756788116
3000	KLD	Zeta_log	-0.33493013263206695	0.7415493048115425
3000	KLD	RRF	1.2160332410913168	0.23967970168421576
3000	KLD	Eta	-0.6553942375955931	0.5205031286676083
3000	KLD	Welch	-1.221533965612921	0.23764184038961567
3000	KLD	Wilcoxon	-0.39242404010021875	0.6993529250182637
3000	KLD	KLD	0.0	1.0
3000	KLD	χ2	-0.9520428142091795	0.3536855070607716
3000	KLD	LLR	-0.3824397287852858	0.706613401766282
3000	KLD	TF-IDF	-0.38937585024073784	0.7015664116689606
3000	χ2	Zeta_orig	0.449568919837232	0.6583878935980387
3000	χ2	Zeta_log	0.5250918821153959	0.6059273677719328
3000	χ2	RRF	2.1613329438467903	0.04439053940202707
3000	χ2	Eta	0.28426611143239017	0.779450751552029
3000	χ2	Welch	-0.25117413649390213	0.8045244854633319
3000	χ2	Wilcoxon	0.5289235295508778	0.6033204797187525
3000	χ2	KLD	0.9520428142091795	0.3536855070607716
3000	χ2	χ2	0.0	1.0
3000	χ2	LLR	0.519554387365381	0.6097044784661061
3000	χ2	TF-IDF	0.5290830657062422	0.6032120569519106
3000	LLR	Zeta_orig	-0.06907274804302213	0.9456932709192997
3000	LLR	Zeta_log	0.028573676960049435	0.9775190303197107
3000	LLR	RRF	1.5352839878862192	0.14210466183884476
3000	LLR	Eta	-0.24392405065238995	0.810048199470684
3000	LLR	Welch	-0.7657569663764441	0.45374596721811244
3000	LLR	Wilcoxon	-0.0017668505914820725	0.9986096924767821
3000	LLR	KLD	0.3824397287852858	0.706613401766282
3000	LLR	χ2	-0.519554387365381	0.6097044784661061
3000	LLR	LLR	0.0	1.0
3000	LLR	TF-IDF	-2.1779680645956256e-05	0.9999828618952679
3000	TF-IDF	Zeta_orig	-0.07020074512353215	0.9448079354192336
3000	TF-IDF	Zeta_log	0.029025139402867394	0.97716393675329
3000	TF-IDF	RRF	1.562136960660245	0.13566554562994546
3000	TF-IDF	Eta	-0.24825596698856472	0.8067465327782561
3000	TF-IDF	Welch	-0.7803854093935014	0.44530586587915366
3000	TF-IDF	Wilcoxon	-0.0017749151097574472	0.9986033466385524
3000	TF-IDF	KLD	0.38937585024073784	0.7015664116689606
3000	TF-IDF	χ2	-0.5290830657062422	0.6032120569519106
3000	TF-IDF	LLR	2.1779680645956256e-05	0.9999828618952679
3000	TF-IDF	TF-IDF	0.0	1.0
4000	Zeta_orig	Zeta_orig	0.0	1.0
4000	Zeta_orig	Zeta_log	0.24818836021628973	0.8067980322699372
4000	Zeta_orig	RRF	1.1750539377824067	0.25528358456561984
4000	Zeta_orig	Eta	0.3769765209373729	0.7105985359373876
4000	Zeta_orig	Welch	-0.4580884441158416	0.652370821348637
4000	Zeta_orig	Wilcoxon	0.334431910055617	0.7419189116507008
4000	Zeta_orig	KLD	0.5925301715803906	0.5608663356885148
4000	Zeta_orig	χ2	0.209102616306554	0.8367163275396858
4000	Zeta_orig	LLR	0.18421715382649662	0.8559025943407604
4000	Zeta_orig	TF-IDF	0.22757926127554973	0.8225383077000963
4000	Zeta_log	Zeta_orig	-0.24818836021628973	0.8067980322699372
4000	Zeta_log	Zeta_log	0.0	1.0
4000	Zeta_log	RRF	0.8408670595370192	0.4114539274162743
4000	Zeta_log	Eta	0.11130255956867594	0.9126081469678626
4000	Zeta_log	Welch	-0.6552485606402547	0.5205947558319789
4000	Zeta_log	Wilcoxon	0.07722130396094636	0.9392993911273386
4000	Zeta_log	KLD	0.30202870079338573	0.7660921285247002
4000	Zeta_log	χ2	-0.041761870905235345	0.9671482885351699
4000	Zeta_log	LLR	-0.05894718163091058	0.9536436828178287
4000	Zeta_log	TF-IDF	-0.025487850575494516	0.9799462837249064
4000	RRF	Zeta_orig	-1.1750539377824067	0.25528358456561984
4000	RRF	Zeta_log	-0.8408670595370192	0.4114539274162743
4000	RRF	RRF	0.0	1.0
4000	RRF	Eta	-0.7469229989327372	0.464755554077633
4000	RRF	Welch	-1.5634293441152975	0.13536190449960508
4000	RRF	Wilcoxon	-0.7674848015621096	0.4527439920033317
4000	RRF	KLD	-0.5673586866341587	0.5774787369944625
4000	RRF	χ2	-0.9030519716198606	0.3784250584937715
4000	RRF	LLR	-0.9021702762052264	0.37888066806018184
4000	RRF	TF-IDF	-0.8883031841961191	0.38609452633588925
4000	Eta	Zeta_orig	-0.3769765209373729	0.7105985359373876
4000	Eta	Zeta_log	-0.11130255956867594	0.9126081469678626
4000	Eta	RRF	0.7469229989327372	0.464755554077633
4000	Eta	Eta	0.0	1.0
4000	Eta	Welch	-0.7904184960276982	0.439573633281082
4000	Eta	Wilcoxon	-0.03303515717562756	0.9740101190890711
4000	Eta	KLD	0.19342978290692142	0.8487883455940679
4000	Eta	χ2	-0.15667220707567636	0.8772470809666909
4000	Eta	LLR	-0.17174543844369616	0.8655537697067726
4000	Eta	TF-IDF	-0.14026457311591492	0.8900086144674577
4000	Welch	Zeta_orig	0.4580884441158416	0.652370821348637
4000	Welch	Zeta_log	0.6552485606402547	0.5205947558319789
4000	Welch	RRF	1.5634293441152975	0.13536190449960508
4000	Welch	Eta	0.7904184960276982	0.439573633281082
4000	Welch	Welch	0.0	1.0
4000	Welch	Wilcoxon	0.7417868938752302	0.4677856945226092
4000	Welch	KLD	1.0071059144109786	0.3272313160731325
4000	Welch	χ2	0.627568074699775	0.5381675343028518
4000	Welch	LLR	0.5937420397703218	0.5600729109016008
4000	Welch	TF-IDF	0.6464636017089026	0.5261369062470795
4000	Wilcoxon	Zeta_orig	-0.334431910055617	0.7419189116507008
4000	Wilcoxon	Zeta_log	-0.07722130396094636	0.9392993911273386
4000	Wilcoxon	RRF	0.7674848015621096	0.4527439920033317
4000	Wilcoxon	Eta	0.03303515717562756	0.9740101190890711
4000	Wilcoxon	Welch	-0.7417868938752302	0.4677856945226092
4000	Wilcoxon	Wilcoxon	0.0	1.0
4000	Wilcoxon	KLD	0.2236868403650415	0.8255201048018008
4000	Wilcoxon	χ2	-0.12101159223448639	0.9050224757805966
4000	Wilcoxon	LLR	-0.13664160179088816	0.8928307929136065
4000	Wilcoxon	TF-IDF	-0.10479977684100489	0.9176936573956719
4000	KLD	Zeta_orig	-0.5925301715803906	0.5608663356885148
4000	KLD	Zeta_log	-0.30202870079338573	0.7660921285247002
4000	KLD	RRF	0.5673586866341587	0.5774787369944625
4000	KLD	Eta	-0.19342978290692142	0.8487883455940679
4000	KLD	Welch	-1.0071059144109786	0.3272313160731325
4000	KLD	Wilcoxon	-0.2236868403650415	0.8255201048018008
4000	KLD	KLD	0.0	1.0
4000	KLD	χ2	-0.35290120545623527	0.7282613521747415
4000	KLD	LLR	-0.3637978720554923	0.7202469055765575
4000	KLD	TF-IDF	-0.33664627981984874	0.740276675303781
4000	χ2	Zeta_orig	-0.209102616306554	0.8367163275396858
4000	χ2	Zeta_log	0.041761870905235345	0.9671482885351699
4000	χ2	RRF	0.9030519716198606	0.3784250584937715
4000	χ2	Eta	0.15667220707567636	0.8772470809666909
4000	χ2	Welch	-0.627568074699775	0.5381675343028518
4000	χ2	Wilcoxon	0.12101159223448639	0.9050224757805966
4000	χ2	KLD	0.35290120545623527	0.7282613521747415
4000	χ2	χ2	0.0	1.0
4000	χ2	LLR	-0.01845554076319042	0.9854784813421825
4000	χ2	TF-IDF	0.016748399512517203	0.9868215854283445
4000	LLR	Zeta_orig	-0.18421715382649662	0.8559025943407604
4000	LLR	Zeta_log	0.05894718163091058	0.9536436828178287
4000	LLR	RRF	0.9021702762052264	0.37888066806018184
4000	LLR	Eta	0.17174543844369616	0.8655537697067726
4000	LLR	Welch	-0.5937420397703218	0.5600729109016008
4000	LLR	Wilcoxon	0.13664160179088816	0.8928307929136065
4000	LLR	KLD	0.3637978720554923	0.7202469055765575
4000	LLR	χ2	0.01845554076319042	0.9854784813421825
4000	LLR	LLR	0.0	1.0
4000	LLR	TF-IDF	0.03487899059767251	0.9725601170519522
4000	TF-IDF	Zeta_orig	-0.22757926127554973	0.8225383077000963
4000	TF-IDF	Zeta_log	0.025487850575494516	0.9799462837249064
4000	TF-IDF	RRF	0.8883031841961191	0.38609452633588925
4000	TF-IDF	Eta	0.14026457311591492	0.8900086144674577
4000	TF-IDF	Welch	-0.6464636017089026	0.5261369062470795
4000	TF-IDF	Wilcoxon	0.10479977684100489	0.9176936573956719
4000	TF-IDF	KLD	0.33664627981984874	0.740276675303781
4000	TF-IDF	χ2	-0.016748399512517203	0.9868215854283445
4000	TF-IDF	LLR	-0.03487899059767251	0.9725601170519522
4000	TF-IDF	TF-IDF	0.0	1.0
5000	Zeta_orig	Zeta_orig	0.0	1.0
5000	Zeta_orig	Zeta_log	0.12748774192850895	0.899967834498187
5000	Zeta_orig	RRF	12.651157672212655	2.1455625176570855e-10
5000	Zeta_orig	Eta	0.1924638738222319	0.8495336319234676
5000	Zeta_orig	Welch	0.07922140055863292	0.9377306186083322
5000	Zeta_orig	Wilcoxon	0.6492848961607494	0.524353480721845
5000	Zeta_orig	KLD	0.7812099423950404	0.4448330453999486
5000	Zeta_orig	χ2	0.28598517718915084	0.7781547318702713
5000	Zeta_orig	LLR	0.37408626433942027	0.7127103190463927
5000	Zeta_orig	TF-IDF	0.33017262714481094	0.7450812928350444
5000	Zeta_log	Zeta_orig	-0.12748774192850895	0.899967834498187
5000	Zeta_log	Zeta_log	0.0	1.0
5000	Zeta_log	RRF	12.349212236601096	3.1756680489114914e-10
5000	Zeta_log	Eta	0.06694589375975489	0.9473627804761066
5000	Zeta_log	Welch	-0.039555463041962724	0.9688829634228531
5000	Zeta_log	Wilcoxon	0.5137336192788449	0.6136870088846428
5000	Zeta_log	KLD	0.6359560444710506	0.5328085375813938
5000	Zeta_log	χ2	0.1597665103594492	0.8748441568833686
5000	Zeta_log	LLR	0.2437045786293202	0.8102155732252162
5000	Zeta_log	TF-IDF	0.20272729850670512	0.8416220734284481
5000	RRF	Zeta_orig	-12.651157672212655	2.1455625176570855e-10
5000	RRF	Zeta_log	-12.349212236601096	3.1756680489114914e-10
5000	RRF	RRF	0.0	1.0
5000	RRF	Eta	-12.113730828777395	4.334850143513037e-10
5000	RRF	Welch	-12.056131031987174	4.681093639676275e-10
5000	RRF	Wilcoxon	-11.576543536278125	8.978562351703954e-10
5000	RRF	KLD	-11.685391469199718	7.730632957927203e-10
5000	RRF	χ2	-11.938010008545541	5.4850799421449e-10
5000	RRF	LLR	-11.92856307499787	5.555349507596868e-10
5000	RRF	TF-IDF	-11.896382246425928	5.801894070941494e-10
5000	Eta	Zeta_orig	-0.1924638738222319	0.8495336319234676
5000	Eta	Zeta_log	-0.06694589375975489	0.9473627804761066
5000	Eta	RRF	12.113730828777395	4.334850143513037e-10
5000	Eta	Eta	0.0	1.0
5000	Eta	Welch	-0.10197640319686038	0.919902832599217
5000	Eta	Wilcoxon	0.4366083780133815	0.6675876261147746
5000	Eta	KLD	0.5523601330468507	0.5874956025918341
5000	Eta	χ2	0.09132493325405841	0.9282430640697514
5000	Eta	LLR	0.17220505357720536	0.8651977023680979
5000	Eta	TF-IDF	0.13317142572146648	0.8955353309380636
5000	Welch	Zeta_orig	-0.07922140055863292	0.9377306186083322
5000	Welch	Zeta_log	0.039555463041962724	0.9688829634228531
5000	Welch	RRF	12.056131031987174	4.681093639676275e-10
5000	Welch	Eta	0.10197640319686038	0.919902832599217
5000	Welch	Welch	0.0	1.0
5000	Welch	Wilcoxon	0.5266700492833076	0.6048529880621044
5000	Welch	KLD	0.6423985632237076	0.52871244400796
5000	Welch	χ2	0.18974057391392585	0.8516356880257067
5000	Welch	LLR	0.2696857625972326	0.7904694122159164
5000	Welch	TF-IDF	0.23057614667520274	0.8202444284743599
5000	Wilcoxon	Zeta_orig	-0.6492848961607494	0.524353480721845
5000	Wilcoxon	Zeta_log	-0.5137336192788449	0.6136870088846428
5000	Wilcoxon	RRF	11.576543536278125	8.978562351703954e-10
5000	Wilcoxon	Eta	-0.4366083780133815	0.6675876261147746
5000	Wilcoxon	Welch	-0.5266700492833076	0.6048529880621044
5000	Wilcoxon	Wilcoxon	0.0	1.0
5000	Wilcoxon	KLD	0.09893853299490714	0.922280591653399
5000	Wilcoxon	χ2	-0.3411932294427736	0.7369085669526091
5000	Wilcoxon	LLR	-0.26623774184873567	0.793081907632892
5000	Wilcoxon	TF-IDF	-0.30000192810885706	0.7676126743048562
5000	KLD	Zeta_orig	-0.7812099423950404	0.4448330453999486
5000	KLD	Zeta_log	-0.6359560444710506	0.5328085375813938
5000	KLD	RRF	11.685391469199718	7.730632957927203e-10
5000	KLD	Eta	-0.5523601330468507	0.5874956025918341
5000	KLD	Welch	-0.6423985632237076	0.52871244400796
5000	KLD	Wilcoxon	-0.09893853299490714	0.922280591653399
5000	KLD	KLD	0.0	1.0
5000	KLD	χ2	-0.451907213181173	0.6567340157206694
5000	KLD	LLR	-0.37564362830464193	0.7115721235448078
5000	KLD	TF-IDF	-0.4092907833249998	0.6871554367041212
5000	χ2	Zeta_orig	-0.28598517718915084	0.7781547318702713
5000	χ2	Zeta_log	-0.1597665103594492	0.8748441568833686
5000	χ2	RRF	11.938010008545541	5.4850799421449e-10
5000	χ2	Eta	-0.09132493325405841	0.9282430640697514
5000	χ2	Welch	-0.18974057391392585	0.8516356880257067
5000	χ2	Wilcoxon	0.3411932294427736	0.7369085669526091
5000	χ2	KLD	0.451907213181173	0.6567340157206694
5000	χ2	χ2	0.0	1.0
5000	χ2	LLR	0.0787878932690021	0.9380706173112923
5000	χ2	TF-IDF	0.04130349332801206	0.9675086507804904
5000	LLR	Zeta_orig	-0.37408626433942027	0.7127103190463927
5000	LLR	Zeta_log	-0.2437045786293202	0.8102155732252162
5000	LLR	RRF	11.92856307499787	5.555349507596868e-10
5000	LLR	Eta	-0.17220505357720536	0.8651977023680979
5000	LLR	Welch	-0.2696857625972326	0.7904694122159164
5000	LLR	Wilcoxon	0.26623774184873567	0.793081907632892
5000	LLR	KLD	0.37564362830464193	0.7115721235448078
5000	LLR	χ2	-0.0787878932690021	0.9380706173112923
5000	LLR	LLR	0.0	1.0
5000	LLR	TF-IDF	-0.03703315698843101	0.9708661922765796
5000	TF-IDF	Zeta_orig	-0.33017262714481094	0.7450812928350444
5000	TF-IDF	Zeta_log	-0.20272729850670512	0.8416220734284481
5000	TF-IDF	RRF	11.896382246425928	5.801894070941494e-10
5000	TF-IDF	Eta	-0.13317142572146648	0.8955353309380636
5000	TF-IDF	Welch	-0.23057614667520274	0.8202444284743599
5000	TF-IDF	Wilcoxon	0.30000192810885706	0.7676126743048562
5000	TF-IDF	KLD	0.4092907833249998	0.6871554367041212
5000	TF-IDF	χ2	-0.04130349332801206	0.9675086507804904
5000	TF-IDF	LLR	0.03703315698843101	0.9708661922765796
5000	TF-IDF	TF-IDF	0.0	1.0